Customer ID,Customer Name,Recency,Frequency,Monetary,R_log,F_log,M_log,Cluster,Segment
AA-10315,Alex Avila,185,5,5563.56,5.225746673713202,1.791759469228055,8.624173194995297,1,At-Risk
AA-10375,Allen Armold,20,9,1056.39,3.044522437723423,2.302585092994046,6.9635588865975615,0,Champions
AA-10480,Andrew Allen,260,4,1790.51,5.564520407322694,1.6094379124341003,7.4908141186440265,1,At-Risk
AA-10645,Anna Andreadi,56,6,5086.93,4.04305126783455,1.9459101490553132,8.534626347063682,2,Hibernating
AB-10015,Aaron Bergman,416,3,886.16,6.0330862217988015,1.3862943611198906,6.788025349357009,1,At-Risk
AB-10060,Adam Bellavance,55,8,7755.62,4.02535169073515,2.1972245773362196,8.956301951280091,2,Hibernating
AB-10105,Adrian Barton,42,10,14473.57,3.7612001156935624,2.3978952727983707,9.580148595609625,2,Hibernating
AB-10150,Aimee Bixby,42,5,966.71,3.7612001156935624,1.791759469228055,6.874932455614634,1,At-Risk
AB-10165,Alan Barnes,26,8,1113.84,3.295836866004329,2.1972245773362196,7.016466175839583,0,Champions
AB-10255,Alejandro Ballentine,167,9,914.53,5.123963979403259,2.302585092994046,6.819503132556374,2,Hibernating
AB-10600,Ann Blume,51,4,1515.86,3.9512437185814275,1.6094379124341003,7.324397687680427,1,At-Risk
AC-10420,Alyssa Crouse,233,3,925.8,5.455321115357702,1.3862943611198906,6.831737792558221,1,At-Risk
AC-10450,Amy Cox,12,7,5527.85,2.5649493574615367,2.0794415416798357,8.617735116290048,0,Champions
AC-10615,Ann Chong,7,5,2537.69,2.0794415416798357,1.791759469228055,7.8394034789373235,0,Champions
AC-10660,Anna Chung,283,5,657.32,5.648974238161206,1.791759469228055,6.489691135297457,1,At-Risk
AD-10180,Alan Dominguez,30,8,6106.88,3.4339872044851463,2.1972245773362196,8.717335019780108,2,Hibernating
AF-10870,Art Ferguson,42,7,2052.91,3.7612001156935624,2.0794415416798357,7.627500572585962,0,Champions
AF-10885,Art Foster,416,4,861.56,6.0330862217988015,1.6094379124341003,6.759904711703358,1,At-Risk
AG-10270,Alejandro Grove,279,5,2582.9,5.634789603169249,1.791759469228055,7.857055164463238,1,At-Risk
AG-10300,Aleksandra Gannaway,119,4,367.55,4.787491742782046,1.6094379124341003,5.909576387635298,3,Loyal
AG-10330,Alex Grayson,9,5,660.97,2.302585092994046,1.791759469228055,6.495220237689608,0,Champions
AG-10390,Allen Goldenen,115,5,200.94,4.7535901911063645,1.791759469228055,5.307970623576175,3,Loyal
AG-10495,Andrew Gjertsen,79,8,2356.86,4.382026634673881,2.1972245773362196,7.76550970698526,2,Hibernating
AG-10525,Andy Gerbode,846,4,1455.04,6.741700694652055,1.6094379124341003,7.283475700906741,1,At-Risk
AG-10675,Anna Gayman,98,7,3489.04,4.59511985013459,2.0794415416798357,8.157668476448844,2,Hibernating
AG-10765,Anthony Garverick,78,4,170.58,4.3694478524670215,1.6094379124341003,5.145049630144819,3,Loyal
AG-10900,Arthur Gainer,97,10,4510.8,4.584967478670572,2.3978952727983707,8.414451465954324,2,Hibernating
AH-10030,Aaron Hawkins,13,7,1744.7,2.6390573296152584,2.0794415416798357,7.464910900330734,0,Champions
AH-10075,Adam Hart,35,10,3250.34,3.58351893845611,2.3978952727983707,8.08682249804063,2,Hibernating
AH-10120,Adrian Hane,61,7,1735.51,4.127134385045092,2.0794415416798357,7.459632630877596,2,Hibernating
AH-10195,Alan Haines,56,4,1587.45,4.04305126783455,1.6094379124341003,7.370513976978741,1,At-Risk
AH-10210,Alan Hwang,7,9,4805.34,2.0794415416798357,2.302585092994046,8.477691158696317,0,Champions
AH-10465,Amy Hunt,231,5,2495.39,5.44673737166631,1.791759469228055,7.822600967283559,1,At-Risk
AH-10585,Angele Hood,22,4,738.5,3.1354942159291497,1.6094379124341003,6.6059742821508545,0,Champions
AH-10690,Anna Häberlin,411,12,7888.29,6.021023349349527,2.5649493574615367,8.97326142246509,2,Hibernating
AI-10855,Arianne Irving,14,10,4375.79,2.70805020110221,2.3978952727983707,8.384070857972741,0,Champions
AJ-10780,Anthony Jacobs,76,7,4867.34,4.343805421853684,2.0794415416798357,8.490508295546837,2,Hibernating
AJ-10795,Anthony Johnson,167,7,4501.39,5.123963979403259,2.0794415416798357,8.412363645879935,2,Hibernating
AJ-10945,Ashley Jarboe,86,7,1839.24,4.465908118654584,2.0794415416798357,7.517651276879763,2,Hibernating
AJ-10960,Astrea Jones,75,3,629.25,4.330733340286331,1.3862943611198906,6.446116566068029,3,Loyal
AM-10360,Alice McCarthy,29,5,814.01,3.4011973816621555,1.791759469228055,6.703200383104238,0,Champions
AM-10705,Anne McFarland,163,8,5664.02,5.099866427824199,2.1972245773362196,8.642065703906008,2,Hibernating
AO-10810,Anthony O'Donnell,502,1,161.28,6.220590170099739,0.6931471805599453,5.089323238338246,3,Loyal
AP-10720,Anne Pryor,42,8,1638.55,3.7612001156935624,2.1972245773362196,7.402177092922451,0,Champions
AP-10915,Arthur Prichep,99,10,3323.56,4.605170185988092,2.3978952727983707,8.109092613506391,2,Hibernating
AR-10345,Alex Russell,112,4,1055.69,4.727387818712341,1.6094379124341003,6.96289665997834,1,At-Risk
AR-10405,Allen Rosenblatt,126,5,2236.13,4.844187086458591,1.791759469228055,7.712949073346529,1,At-Risk
AR-10510,Andrew Roberts,15,5,264.86,2.772588722239781,1.791759469228055,5.582969854439453,0,Champions
AR-10540,Andy Reiter,7,6,6608.45,2.0794415416798357,1.9459101490553132,8.79625572212209,0,Champions
AR-10570,Anemone Ratner,535,1,88.15,6.284134161070802,0.6931471805599453,4.49032034430915,3,Loyal
AR-10825,Anthony Rawles,59,8,4523.34,4.0943445622221,2.1972245773362196,8.417226989142362,2,Hibernating
AS-10045,Aaron Smayling,89,7,3050.69,4.499809670330265,2.0794415416798357,8.023450814506301,2,Hibernating
AS-10090,Adam Shillingsburg,29,9,3255.31,3.4011973816621555,2.302585092994046,8.088349931435566,2,Hibernating
AS-10135,Adrian Shami,42,2,58.82,3.7612001156935624,1.0986122886681098,4.091340053201802,3,Loyal
AS-10225,Alan Schoenberger,23,5,4260.78,3.1780538303479458,1.791759469228055,8.357442192368023,0,Champions
AS-10240,Alan Shonely,193,7,584.61,5.267858159063328,2.0794415416798357,6.372654039004032,1,At-Risk
AS-10285,Alejandro Savely,20,6,3214.24,3.044522437723423,1.9459101490553132,8.075657283963302,0,Champions
AS-10630,Ann Steele,93,7,833.4,4.543294782270004,2.0794415416798357,6.726712903686563,1,At-Risk
AT-10435,Alyssa Tate,22,6,1171.81,3.1354942159291497,1.9459101490553132,7.067157857699037,0,Champions
AT-10735,Annie Thurman,14,10,3831.86,2.70805020110221,2.3978952727983707,8.251366539798294,0,Champions
AW-10840,Anthony Witt,21,4,649.38,3.091042453358316,1.6094379124341003,6.477556807453297,0,Champions
AW-10930,Arthur Wiediger,47,7,2852.97,3.871201010907891,2.0794415416798357,7.956466286418816,2,Hibernating
AY-10555,Andy Yotov,15,4,497.01,2.772588722239781,1.6094379124341003,6.210620157144331,0,Champions
AZ-10750,Annie Zypern,161,6,1622.02,5.087596335232384,1.9459101490553132,7.392043890297568,1,At-Risk
BB-10990,Barry Blumstein,106,5,744.34,4.672828834461906,1.791759469228055,6.613840490110706,1,At-Risk
BB-11545,Brenda Bowman,29,9,6765.73,3.4011973816621555,2.302585092994046,8.81977323592388,2,Hibernating
BC-11125,Becky Castell,203,9,2933.68,5.318119993844216,2.302585092994046,7.98435369735729,2,Hibernating
BD-11320,Bill Donatelli,34,12,5718.52,3.5553480614894135,2.5649493574615367,8.651640164768777,2,Hibernating
BD-11500,Bradley Drucker,36,6,4411.24,3.6109179126442243,1.9459101490553132,8.392137775992746,0,Champions
BD-11560,Brendan Dodson,279,2,320.54,5.634789603169249,1.0986122886681098,5.773121952734814,3,Loyal
BD-11605,Brian Dahlen,98,7,3288.47,4.59511985013459,2.0794415416798357,8.098481736557424,2,Hibernating
BD-11620,Brian DeCherney,70,6,1538.11,4.2626798770413155,1.9459101490553132,7.3389596062684195,1,At-Risk
BD-11635,Brian Derr,10,3,582.65,2.3978952727983707,1.3862943611198906,6.369301488098672,0,Champions
BD-11725,Bruce Degenhardt,94,6,1526.5,4.553876891600541,1.9459101490553132,7.331387691045751,1,At-Risk
BD-11770,Bryan Davis,328,6,658.47,5.796057750765372,1.9459101490553132,6.49143648211589,1,At-Risk
BE-11335,Bill Eplett,120,5,4204.68,4.795790545596741,1.791759469228055,8.344191271580357,1,At-Risk
BE-11410,Bobby Elias,99,5,2261.44,4.605170185988092,1.791759469228055,7.724199155885421,1,At-Risk
BE-11455,Brad Eason,255,6,1727.65,5.545177444479562,1.9459101490553132,7.455096036041947,1,At-Risk
BF-10975,Barbara Fisher,92,7,599.8,4.532599493153256,2.0794415416798357,6.398262100449925,1,At-Risk
BF-11005,Barry Franz,40,4,1333.88,3.713572066704308,1.6094379124341003,7.196596679153765,1,At-Risk
BF-11020,Barry Französisch,75,8,2888.51,4.330733340286331,2.1972245773362196,7.968842216558212,2,Hibernating
BF-11080,Bart Folk,26,3,272.95,3.295836866004329,1.3862943611198906,5.612945607984424,3,Loyal
BF-11170,Ben Ferrer,17,11,5907.97,2.8903717578961645,2.4849066497880004,8.684226814331602,2,Hibernating
BF-11215,Benjamin Farhat,66,4,1585.16,4.204692619390966,1.6094379124341003,7.369071279830307,1,At-Risk
BF-11275,Beth Fritzler,58,3,791.99,4.07753744390572,1.3862943611198906,6.675810611214858,1,At-Risk
BG-11035,Barry Gonzalez,29,8,2798.95,3.4011973816621555,2.1972245773362196,7.937356838860998,0,Champions
BG-11695,Brooke Gillingham,37,6,1874.17,3.6375861597263857,1.9459101490553132,7.536454600961204,0,Champions
BG-11740,Bruce Geld,58,6,1006.36,4.07753744390572,1.9459101490553132,6.915088326348929,1,At-Risk
BH-11710,Brosina Hoffman,24,8,6255.35,3.2188758248682006,2.1972245773362196,8.741352226951772,2,Hibernating
BK-11260,Berenike Kampe,78,6,659.14,4.3694478524670215,1.9459101490553132,6.492451933738069,1,At-Risk
BM-11140,Becky Martin,308,4,11789.63,5.733341276897746,1.6094379124341003,9.375060427218315,1,At-Risk
BM-11575,Brendan Murry,101,6,808.16,4.624972813284271,1.9459101490553132,6.695996672534491,1,At-Risk
BM-11650,Brian Moss,34,11,7294.18,3.5553480614894135,2.4849066497880004,8.894969135087022,2,Hibernating
BM-11785,Bryan Mills,219,10,1338.84,5.393627546352362,2.3978952727983707,7.200305482830778,2,Hibernating
BN-11470,Brad Norvell,25,4,265.3,3.258096538021482,1.6094379124341003,5.584623492819887,3,Loyal
BN-11515,Bradley Nguyen,10,5,1459.34,2.3978952727983707,1.791759469228055,7.286424564303139,0,Champions
BO-11350,Bill Overfelt,138,5,2682.73,4.9344739331306915,1.791759469228055,7.894962896906256,1,At-Risk
BO-11425,Bobby Odegard,76,2,130.83,4.343805421853684,1.0986122886681098,4.881513213769878,3,Loyal
BP-11050,Barry Pond,84,5,983.42,4.442651256490317,1.791759469228055,6.892052635254846,1,At-Risk
BP-11095,Bart Pistole,18,12,2442.04,2.9444389791664403,2.5649493574615367,7.800998444435201,0,Champions
BP-11155,Becky Pak,90,6,1697.86,4.51085950651685,1.9459101490553132,7.437712716864153,1,At-Risk
BP-11185,Ben Peterman,2,9,3675.86,1.0986122886681098,2.302585092994046,8.20981440605915,0,Champions
BP-11230,Benjamin Patterson,40,5,1181.49,3.713572066704308,1.791759469228055,7.075377663670711,0,Champions
BP-11290,Beth Paige,13,7,2475.16,2.6390573296152584,2.0794415416798357,7.814464252072093,0,Champions
BS-11365,Bill Shonely,559,5,10501.65,6.327936783729195,1.791759469228055,9.259382885255281,1,At-Risk
BS-11380,Bill Stewart,29,5,3887.83,3.4011973816621555,1.791759469228055,8.265863620163534,0,Champions
BS-11590,Brendan Sweed,36,6,2454.93,3.6109179126442243,1.9459101490553132,7.80626078723219,0,Champions
BS-11665,Brian Stugart,583,3,3288.11,6.369900982828227,1.3862943611198906,8.098372290445845,1,At-Risk
BS-11755,Bruce Stewart,2,7,2562.38,1.0986122886681098,2.0794415416798357,7.849081979127501,0,Champions
BS-11800,Bryan Spruell,266,2,949.43,5.58724865840025,1.0986122886681098,6.856914513766761,3,Loyal
BT-11305,Beth Thompson,337,5,2567.66,5.823045895483019,1.791759469228055,7.851139641134402,1,At-Risk
BT-11395,Bill Tyler,303,6,2186.61,5.717027701406222,1.9459101490553132,7.690564902681771,1,At-Risk
BT-11440,Bobby Trafton,561,4,603.88,6.331501849893691,1.6094379124341003,6.405030091250015,1,At-Risk
BT-11485,Brad Thomas,660,2,415.2,6.493753839851686,1.0986122886681098,6.031165913959534,3,Loyal
BT-11530,Bradley Talbott,92,5,2684.49,4.532599493153256,1.791759469228055,7.895618485637222,1,At-Risk
BT-11680,Brian Thompson,21,7,3196.75,3.091042453358316,2.0794415416798357,8.070202716479503,0,Champions
BV-11245,Benjamin Venier,335,5,1523.27,5.817111159963204,1.791759469228055,7.329270885908994,1,At-Risk
BW-11065,Barry Weirich,213,3,385.52,5.365976015021851,1.3862943611198906,5.957183613131107,3,Loyal
BW-11110,Bart Watters,122,8,4750.36,4.812184355372417,2.1972245773362196,8.466186171837617,2,Hibernating
BW-11200,Ben Wallace,204,6,1738.41,5.3230099791384085,1.9459101490553132,7.461301254248027,1,At-Risk
CA-11965,Carol Adams,97,6,3789.72,4.584967478670572,1.9459101490553132,8.240311253648546,2,Hibernating
CA-12055,Cathy Armstrong,402,5,1679.72,5.998936561946683,1.791759469228055,7.426977552015372,1,At-Risk
CA-12265,Christina Anderson,57,9,2648.29,4.060443010546419,2.302585092994046,7.882046958553778,2,Hibernating
CA-12310,Christine Abelman,14,4,1421.95,2.70805020110221,1.6094379124341003,7.260487460438098,0,Champions
CA-12775,Cynthia Arntzen,121,7,3041.57,4.804021044733257,2.0794415416798357,8.02045783199225,2,Hibernating
CB-12025,Cassandra Brandow,48,10,6076.14,3.8918202981106265,2.3978952727983707,8.71228946955306,2,Hibernating
CB-12415,Christy Brittain,27,8,1949.2,3.332204510175204,2.1972245773362196,7.575687210401019,0,Champions
CB-12535,Claudia Bergmann,198,8,4246.46,5.293304824724492,2.1972245773362196,8.354076436197447,2,Hibernating
CC-12100,Chad Cunningham,458,6,1770.94,6.129050210060545,1.9459101490553132,7.479830270546615,1,At-Risk
CC-12145,Charles Crestani,107,7,2471.65,4.68213122712422,2.0794415416798357,7.813045728997427,2,Hibernating
CC-12220,Chris Cortes,21,12,3913.42,3.091042453358316,2.5649493574615367,8.272422449301734,2,Hibernating
CC-12370,Christopher Conant,44,5,12129.07,3.8066624897703196,1.791759469228055,9.403442772737604,2,Hibernating
CC-12430,Chuck Clark,1,10,2870.05,0.6931471805599453,2.3978952727983707,7.962433095504072,0,Champions
CC-12475,Cindy Chapman,40,9,1659.44,3.713572066704308,2.302585092994046,7.414837906469294,2,Hibernating
CC-12550,Clay Cheatham,28,3,113.83,3.367295829986474,1.3862943611198906,4.743452773788098,3,Loyal
CC-12610,Corey Catlett,35,7,2540.63,3.58351893845611,2.0794415416798357,7.840560886473935,0,Champions
CC-12670,Craig Carreira,30,7,2269.7,3.4339872044851463,2.0794415416798357,7.7278434329832315,0,Champions
CC-12685,Craig Carroll,800,4,2854.12,6.68586094706836,1.6094379124341003,7.956869152730453,1,At-Risk
CD-11920,Carlos Daly,41,5,2033.97,3.7376696182833684,1.791759469228055,7.618236355753289,0,Champions
CD-11980,Carol Darley,55,3,639.77,4.02535169073515,1.3862943611198906,6.462670578178823,3,Loyal
CD-12280,Christina DeMoss,43,2,1205.58,3.784189633918261,1.0986122886681098,7.0955451903678775,3,Loyal
CD-12790,Cynthia Delaney,400,5,1860.73,5.993961427306569,1.791759469228055,7.529261441952148,1,At-Risk
CG-12040,Catherine Glotzbach,50,6,904.47,3.9318256327243257,1.9459101490553132,6.808454145907705,1,At-Risk
CG-12520,Claire Gute,339,3,1148.78,5.8289456176102075,1.3862943611198906,7.047325898708459,1,At-Risk
CH-12070,Cathy Hwang,692,3,1537.24,6.541029999189903,1.3862943611198906,7.338394184705596,1,At-Risk
CJ-11875,Carl Jackson,366,1,16.52,5.905361848054571,0.6931471805599453,2.8633430855082453,3,Loyal
CJ-12010,Caroline Jumper,190,8,11164.97,5.25227342804663,2.1972245773362196,9.32062603913913,2,Hibernating
CK-12205,Chloris Kastensmidt,40,13,3154.86,3.713572066704308,2.6390573296152584,8.057016321032531,2,Hibernating
CK-12325,Christine Kargatis,121,5,2945.32,4.804021044733257,1.791759469228055,7.988312212983798,1,At-Risk
CK-12595,Clytie Kelty,44,11,2372.75,3.8066624897703196,2.4849066497880004,7.7722262621264955,2,Hibernating
CK-12760,Cyma Kinney,83,9,1582.11,4.430816798843313,2.302585092994046,7.36714654578014,2,Hibernating
CL-11890,Carl Ludwig,107,4,1262.01,4.68213122712422,1.6094379124341003,7.1412530399755205,1,At-Risk
CL-12565,Clay Ludtke,285,12,10880.55,5.655991810819852,2.5649493574615367,9.294823973498305,2,Hibernating
CL-12700,Craig Leslie,106,5,2353.59,4.672828834461906,1.791759469228055,7.764121893629217,1,At-Risk
CM-11815,Candace McMahon,132,6,1673.89,4.890349128221754,1.9459101490553132,7.4235027704609,1,At-Risk
CM-11935,Carlos Meador,709,2,565.39,6.565264970035361,1.0986122886681098,6.33928288685642,3,Loyal
CM-12115,Chad McGuire,9,4,1661.61,2.302585092994046,1.6094379124341003,7.416143935754708,0,Champions
CM-12160,Charles McCrossin,27,6,2533.31,3.332204510175204,1.9459101490553132,7.837676689625927,0,Champions
CM-12190,Charlotte Melton,9,6,1475.14,2.302585092994046,1.9459101490553132,7.297185851610861,0,Champions
CM-12235,Chris McAfee,386,5,2305.71,5.958424693029782,1.791759469228055,7.743577545894316,1,At-Risk
CM-12385,Christopher Martinez,38,4,8954.02,3.6635616461296463,1.6094379124341003,9.099969547881486,0,Champions
CM-12445,Chuck Magee,437,3,287.99,6.082218910376446,1.3862943611198906,5.666392085437642,3,Loyal
CM-12655,Corinna Mitchell,28,6,6339.56,3.367295829986474,1.9459101490553132,8.754722371606286,0,Champions
CM-12715,Craig Molinari,1036,4,3984.45,6.9440872082295275,1.6094379124341003,8.290405508311927,1,At-Risk
CP-12085,Cathy Prescott,83,8,5402.25,4.430816798843313,2.1972245773362196,8.594755903364028,2,Hibernating
CP-12340,Christine Phan,161,8,5888.28,5.087596335232384,2.1972245773362196,8.680889028086995,2,Hibernating
CR-12580,Clay Rozendal,58,4,2148.85,4.07753744390572,1.6094379124341003,7.673153351245987,1,At-Risk
CR-12625,Corey Roper,471,3,475.9,6.156978985585555,1.3862943611198906,6.167306825304179,3,Loyal
CR-12730,Craig Reiter,79,4,1600.55,4.382026634673881,1.6094379124341003,7.378727189292421,1,At-Risk
CR-12820,Cyra Reiten,86,3,1397.87,4.465908118654584,1.3862943611198906,7.243420046831026,1,At-Risk
CS-11845,Cari Sayre,92,5,1278.95,4.532599493153256,1.791759469228055,7.154576293650703,1,At-Risk
CS-11860,Cari Schnelling,163,6,537.63,5.099866427824199,1.9459101490553132,6.28902887878918,1,At-Risk
CS-11950,Carlos Soltero,26,11,3036.55,3.295836866004329,2.4849066497880004,8.018806548418674,2,Hibernating
CS-12130,Chad Sievert,490,4,884.64,6.19644412779452,1.6094379124341003,6.786310547492762,1,At-Risk
CS-12175,Charles Sheldon,233,5,844.46,5.455321115357702,1.791759469228055,6.739880857935068,1,At-Risk
CS-12250,Chris Selesnick,27,12,2754.22,3.332204510175204,2.5649493574615367,7.921252573208227,2,Hibernating
CS-12355,Christine Sundaresam,7,11,3202.16,2.0794415416798357,2.4849066497880004,8.071893101530444,0,Champions
CS-12400,Christopher Schild,3,9,3651.86,1.3862943611198906,2.302585092994046,8.203265701396214,0,Champions
CS-12460,Chuck Sachs,28,2,550.64,3.367295829986474,1.0986122886681098,6.312895659606137,3,Loyal
CS-12490,Cindy Schnelling,425,4,1077.23,6.054439346269371,1.6094379124341003,6.983076086781847,1,At-Risk
CS-12505,Cindy Stewart,59,6,5690.05,4.0943445622221,1.9459101490553132,8.646650044366673,2,Hibernating
CT-11995,Carol Triggs,97,8,3241.9,4.584967478670572,2.1972245773362196,8.084223270185882,2,Hibernating
CV-12295,Christina VanderZanden,255,5,2830.63,5.545177444479562,1.791759469228055,7.948607796560679,1,At-Risk
CV-12805,Cynthia Voltz,6,9,2370.31,1.9459101490553132,2.302585092994046,7.771197824039279,0,Champions
CW-11905,Carl Weiss,23,6,1136.59,3.1780538303479458,1.9459101490553132,7.036667268574335,0,Champions
CY-12745,Craig Yedwab,61,8,2900.03,4.127134385045092,2.1972245773362196,7.972821125329568,2,Hibernating
Co-12640,Corey-Lock,550,5,1300.08,6.311734809152915,1.791759469228055,7.170949967782647,1,At-Risk
DA-13450,Dianna Arnett,353,4,156.76,5.869296913133774,1.6094379124341003,5.061074890854325,3,Loyal
DB-12910,Daniel Byrd,22,8,2171.6,3.1354942159291497,2.1972245773362196,7.68367988599965,0,Champions
DB-12970,Darren Budd,242,5,2839.23,5.493061443340548,1.791759469228055,7.951640313791563,1,At-Risk
DB-13060,Dave Brooks,17,7,4531.65,2.8903717578961645,2.0794415416798357,8.41906203640021,0,Champions
DB-13120,David Bremer,49,7,2973.09,3.912023005428146,2.0794415416798357,7.99769338883524,2,Hibernating
DB-13210,Dean Braden,10,10,2332.58,2.3978952727983707,2.3978952727983707,7.755158848067693,0,Champions
DB-13270,Deborah Brumfield,54,8,4655.9,4.007333185232471,2.1972245773362196,8.446105269700507,2,Hibernating
DB-13360,Dennis Bolton,265,5,1081.47,5.583496308781699,1.791759469228055,6.987000745866749,1,At-Risk
DB-13405,Denny Blanton,188,4,1711.69,5.241747015059643,1.6094379124341003,7.445820512887115,1,At-Risk
DB-13555,Dorothy Badders,108,7,3908.8,4.6913478822291435,2.0794415416798357,8.27124150077602,2,Hibernating
DB-13615,Doug Bickford,34,7,1989.05,3.5553480614894135,2.0794415416798357,7.595915043031035,0,Champions
DB-13660,Duane Benoit,13,7,1155.2,2.6390573296152584,2.0794415416798357,7.052894044648376,0,Champions
DC-12850,Dan Campbell,38,9,3336.17,3.6635616461296463,2.302585092994046,8.112878421415417,2,Hibernating
DC-13285,Debra Catini,24,5,1174.62,3.2188758248682006,1.791759469228055,7.069550946989366,0,Champions
DD-13570,Dorothy Dickinson,42,6,269.54,3.7612001156935624,1.9459101490553132,5.600419961661048,1,At-Risk
DE-13255,Deanra Eno,720,5,2550.87,6.580639137284949,1.791759469228055,7.844581702728301,1,At-Risk
DF-13135,David Flashing,701,3,2390.53,6.553933404025811,1.3862943611198906,7.779688607469854,1,At-Risk
DG-13300,Deirdre Greer,33,5,3195.82,3.5263605246161616,1.791759469228055,8.069911844690921,0,Champions
DH-13075,Dave Hallsten,278,6,4932.87,5.631211781821365,1.9459101490553132,8.503878948951353,2,Hibernating
DH-13675,Duane Huffman,777,4,1043.1,6.656726524178391,1.6094379124341003,6.950910549296065,1,At-Risk
DJ-13420,Denny Joy,638,4,2012.52,6.459904454377535,1.6094379124341003,7.6076397131947475,1,At-Risk
DJ-13510,Don Jones,49,8,2501.69,3.912023005428146,2.1972245773362196,7.825121432383213,2,Hibernating
DJ-13630,Doug Jacobs,13,3,3356.4,2.6390573296152584,1.3862943611198906,8.118922143888314,0,Champions
DK-12835,Damala Kotsonis,22,12,3256.48,3.1354942159291497,2.5649493574615367,8.088709169302485,2,Hibernating
DK-12895,Dana Kaydos,46,5,4282.18,3.8501476017100584,1.791759469228055,8.362451003349134,0,Champions
DK-12985,Darren Koutras,8,5,1687.04,2.1972245773362196,1.791759469228055,7.431323371557605,0,Champions
DK-13090,Dave Kipp,43,7,2650.56,3.784189633918261,2.0794415416798357,7.882903425021895,2,Hibernating
DK-13150,David Kendrick,11,2,797.83,2.4849066497880004,1.0986122886681098,6.68314815717094,3,Loyal
DK-13225,Dean Katz,11,9,4802.39,2.4849066497880004,2.302585092994046,8.477077197618812,0,Champions
DK-13375,Dennis Kane,20,8,3318.49,3.044522437723423,2.1972245773362196,8.107566435652794,0,Champions
DL-12865,Dan Lawera,101,8,1503.11,4.624972813284271,2.1972245773362196,7.315956640133183,2,Hibernating
DL-12925,Daniel Lacy,58,6,3272.2,4.07753744390572,1.9459101490553132,8.093523378653227,2,Hibernating
DL-13315,Delfina Latchford,23,8,1458.26,3.1780538303479458,2.1972245773362196,7.285684736895781,0,Champions
DL-13330,Denise Leinenbach,58,4,585.02,4.07753744390572,1.6094379124341003,6.373353918687441,1,At-Risk
DL-13495,Dionis Lloyd,77,8,3539.32,4.356708826689592,2.1972245773362196,8.171972397522621,2,Hibernating
DM-12955,Dario Medina,115,7,1322.03,4.7535901911063645,2.0794415416798357,7.187679839594827,1,At-Risk
DM-13015,Darrin Martin,58,7,6345.1,4.07753744390572,2.0794415416798357,8.755595729976754,2,Hibernating
DM-13345,Denise Monton,23,8,4074.47,3.1780538303479458,2.1972245773362196,8.312741356447427,0,Champions
DM-13525,Don Miller,482,3,1376.79,6.180016653652572,1.3862943611198906,7.228236045185304,1,At-Risk
DN-13690,Duane Noonan,218,7,2139.79,5.389071729816501,2.0794415416798357,7.668930198772028,1,At-Risk
DO-13435,Denny Ordway,134,9,1300.03,4.90527477843843,2.302585092994046,7.170911537431889,2,Hibernating
DO-13645,Doug O'Connell,27,7,1267.32,3.332204510175204,2.0794415416798357,7.145448469088846,0,Champions
DP-13000,Darren Powers,127,9,1050.64,4.852030263919617,2.302585092994046,6.958106129408859,2,Hibernating
DP-13105,Dave Poirier,7,8,2215.0,2.0794415416798357,2.1972245773362196,7.703459047867175,0,Champions
DP-13165,David Philippe,813,2,1058.62,6.70196036600254,1.0986122886681098,6.965665632266971,3,Loyal
DP-13390,Dennis Pardue,359,9,5480.72,5.886104031450156,2.302585092994046,8.60917419930875,2,Hibernating
DR-12880,Dan Reichenbach,4,9,6528.03,1.6094379124341003,2.302585092994046,8.784013666060439,0,Champions
DR-12940,Daniel Raglin,51,8,8350.87,3.9512437185814275,2.1972245773362196,9.030240744867182,2,Hibernating
DS-13030,Darrin Sayre,94,4,1762.21,4.553876891600541,1.6094379124341003,7.4748912904488645,1,At-Risk
DS-13180,David Smith,24,9,2881.81,3.2188758248682006,2.302585092994046,7.966520791893999,0,Champions
DV-13045,Darrin Van Huff,20,5,1119.48,3.044522437723423,1.791759469228055,7.021512443907207,0,Champions
DV-13465,Dianna Vittorini,30,6,3341.59,3.4339872044851463,1.9459101490553132,8.114501234567228,0,Champions
DW-13195,David Wiener,70,6,1080.75,4.2626798770413155,1.9459101490553132,6.986335379104994,1,At-Risk
DW-13480,Dianna Wilson,218,5,5271.63,5.389071729816501,1.791759469228055,8.570284568284153,1,At-Risk
DW-13540,Don Weiss,99,5,344.08,4.605170185988092,1.791759469228055,5.843776274208378,1,At-Risk
DW-13585,Dorothy Wardle,243,7,1204.85,5.497168225293202,2.0794415416798357,7.09493999144208,1,At-Risk
Dl-13600,Dorris liebe,120,5,755.6,4.795790545596741,1.791759469228055,6.628834712198929,1,At-Risk
Dp-13240,Dean percer,85,11,7198.76,4.454347296253507,2.4849066497880004,8.881802971115246,2,Hibernating
EA-14035,Erin Ashbrook,153,13,2846.7,5.0369526024136295,2.6390573296152584,7.9542669299048745,2,Hibernating
EB-13705,Ed Braxton,49,9,3644.98,3.912023005428146,2.302585092994046,8.201380469760041,2,Hibernating
EB-13750,Edward Becker,36,10,3236.31,3.6109179126442243,2.3978952727983707,8.082498017026941,2,Hibernating
EB-13840,Ellis Ballard,91,5,4358.13,4.5217885770490405,1.791759469228055,8.380027775147665,1,At-Risk
EB-13870,Emily Burns,101,10,2767.22,4.624972813284271,2.3978952727983707,7.925959793347997,2,Hibernating
EB-13930,Eric Barreto,162,5,944.6,5.093750200806762,1.791759469228055,6.851819646651834,1,At-Risk
EB-13975,Erica Bern,1,4,1643.26,0.6931471805599453,1.6094379124341003,7.40504571396318,0,Champions
EB-14110,Eugene Barchas,114,6,3071.13,4.74493212836325,1.9459101490553132,8.030126411080527,2,Hibernating
EB-14170,Evan Bailliet,83,6,1186.33,4.430816798843313,1.9459101490553132,7.07946236776599,1,At-Risk
EC-14050,Erin Creighton,54,5,461.91,4.007333185232471,1.791759469228055,6.137532650741885,1,At-Risk
ED-13885,Emily Ducich,136,8,3484.92,4.919980925828125,2.1972245773362196,8.156487276878023,2,Hibernating
EG-13900,Emily Grady,23,5,1832.02,3.1780538303479458,1.791759469228055,7.5137201588549205,0,Champions
EH-13765,Edward Hooks,136,12,10310.88,4.919980925828125,2.5649493574615367,9.241051907623463,2,Hibernating
EH-13945,Eric Hoffmann,218,8,684.17,5.389071729816501,2.1972245773362196,6.529666982654341,1,At-Risk
EH-13990,Erica Hackney,406,6,825.95,6.008813185442595,1.9459101490553132,6.717744233703803,1,At-Risk
EH-14005,Erica Hernandez,3,7,1219.53,1.3862943611198906,2.0794415416798357,7.107040469621056,0,Champions
EH-14125,Eugene Hildebrand,153,10,3082.65,5.0369526024136295,2.3978952727983707,8.033869239267503,2,Hibernating
EH-14185,Evan Henry,106,6,923.88,4.672828834461906,1.9459101490553132,6.8296639993670665,1,At-Risk
EJ-13720,Ed Jacobs,303,4,2162.17,5.717027701406222,1.6094379124341003,7.679330017409283,1,At-Risk
EJ-14155,Eva Jacobs,58,5,2656.69,4.07753744390572,1.791759469228055,7.8852126034271,1,At-Risk
EK-13795,Eileen Kiefer,45,4,1303.48,3.828641396489095,1.6094379124341003,7.173559772914601,1,At-Risk
EL-13735,Ed Ludwig,78,2,124.28,4.3694478524670215,1.0986122886681098,4.830551232242493,3,Loyal
EM-13810,Eleni McCrary,133,5,2567.01,4.897839799950911,1.791759469228055,7.850886558883267,1,At-Risk
EM-13825,Elizabeth Moffitt,56,8,2339.6,4.04305126783455,2.1972245773362196,7.758162585740666,2,Hibernating
EM-13960,Eric Murdock,152,5,933.7,5.030437921392435,1.791759469228055,6.840225622188537,1,At-Risk
EM-14065,Erin Mull,48,4,228.99,3.8918202981106265,1.6094379124341003,5.438035829717119,3,Loyal
EM-14095,Eudokia Martin,114,4,1041.04,4.74493212836325,1.6094379124341003,6.9489356092924535,1,At-Risk
EM-14140,Eugene Moren,49,6,4588.44,3.912023005428146,1.9459101490553132,8.431513291254156,2,Hibernating
EM-14200,Evan Minnotte,159,3,366.82,5.075173815233827,1.3862943611198906,5.907593688070835,3,Loyal
EN-13780,Edward Nazzal,288,4,2199.37,5.666426688112432,1.6094379124341003,7.696380807023613,1,At-Risk
EP-13915,Emily Phan,13,17,5478.06,2.6390573296152584,2.8903717578961645,8.608688832381905,2,Hibernating
ER-13855,Elpida Rittenbach,422,3,1245.79,6.0473721790462776,1.3862943611198906,7.128327527328454,1,At-Risk
ES-14020,Erica Smith,41,5,3510.46,3.7376696182833684,1.791759469228055,8.16378718439081,0,Champions
ES-14080,Erin Smith,29,9,4657.92,3.4011973816621555,2.302585092994046,8.44653894060262,2,Hibernating
FA-14230,Frank Atkinson,98,7,2984.05,4.59511985013459,2.0794415416798357,8.001371776105175,2,Hibernating
FC-14245,Frank Carlisle,71,7,3418.74,4.276666119016055,2.0794415416798357,8.137319803774913,2,Hibernating
FC-14335,Fred Chung,185,7,3889.37,5.225746673713202,2.0794415416798357,8.266259547770517,2,Hibernating
FG-14260,Frank Gastineau,35,7,1383.14,3.58351893845611,2.0794415416798357,7.232834287131049,0,Champions
FH-14275,Frank Hawley,38,10,4256.27,3.6635616461296463,2.3978952727983707,8.356383388764021,2,Hibernating
FH-14350,Fred Harton,213,4,2271.28,5.365976015021851,1.6094379124341003,7.7285390116843065,1,At-Risk
FH-14365,Fred Hopkins,6,8,6987.2,1.9459101490553132,2.1972245773362196,8.85197829133666,0,Champions
FM-14215,Filia McAdams,8,10,2456.64,2.1972245773362196,2.3978952727983707,7.806956818862567,0,Champions
FM-14290,Frank Merwin,37,9,3736.2,3.6375861597263857,2.302585092994046,8.2260919469188,2,Hibernating
FM-14380,Fred McMath,146,9,2523.27,4.990432586778736,2.302585092994046,7.833707190998531,2,Hibernating
FO-14305,Frank Olsen,39,10,2678.44,3.6888794541139363,2.3978952727983707,7.893363096446837,2,Hibernating
FP-14320,Frank Preis,24,8,4046.75,3.2188758248682006,2.1972245773362196,8.305916450166862,0,Champions
FW-14395,Fred Wasserman,363,3,79.75,5.8971538676367405,1.3862943611198906,4.391357962102766,3,Loyal
GA-14515,George Ashbrook,150,8,3919.78,5.017279836814924,2.1972245773362196,8.274045892582532,2,Hibernating
GA-14725,Guy Armstrong,6,11,1398.38,1.9459101490553132,2.4849066497880004,7.243784560370307,0,Champions
GB-14530,George Bell,63,11,1568.44,4.1588830833596715,2.4849066497880004,7.358474146816006,2,Hibernating
GB-14575,Giulietta Baptist,14,5,4716.29,2.70805020110221,1.791759469228055,8.45898976114854,0,Champions
GD-14590,Giulietta Dortch,6,4,1888.07,1.9459101490553132,1.6094379124341003,7.5438399234586555,0,Champions
GG-14650,Greg Guthrie,44,9,2224.0,3.8066624897703196,2.302585092994046,7.707512194600341,2,Hibernating
GH-14410,Gary Hansen,76,9,2819.47,4.343805421853684,2.302585092994046,7.94465881671148,2,Hibernating
GH-14425,Gary Hwang,51,4,4172.85,3.9512437185814275,1.6094379124341003,8.336594150240089,1,At-Risk
GH-14485,Gene Hale,388,2,1361.24,5.963579343618446,1.0986122886681098,7.216885682639788,3,Loyal
GH-14665,Greg Hansen,3,2,146.94,1.3862943611198906,1.0986122886681098,4.996806786159722,3,Loyal
GK-14620,Grace Kelly,113,9,6497.27,4.736198448394496,2.302585092994046,8.779291266612354,2,Hibernating
GM-14440,Gary McGarr,84,7,3582.82,4.442651256490317,2.0794415416798357,8.184184549619308,2,Hibernating
GM-14455,Gary Mitchum,17,6,3078.62,2.8903717578961645,1.9459101490553132,8.032561491732721,0,Champions
GM-14500,Gene McClure,107,10,1255.68,4.68213122712422,2.3978952727983707,7.136228601797236,2,Hibernating
GM-14680,Greg Matthias,153,6,3163.63,5.0369526024136295,1.9459101490553132,8.059791424111022,1,At-Risk
GM-14695,Greg Maxwell,118,3,6049.97,4.77912349311153,1.3862943611198906,8.707973868751827,1,At-Risk
GP-14740,Guy Phonely,766,2,236.53,6.642486801367256,1.0986122886681098,5.470293931287002,3,Loyal
GR-14560,Georgia Rosenberg,1136,2,1284.38,7.036148493750536,1.0986122886681098,7.158809673457183,3,Loyal
GT-14635,Grant Thornton,57,3,9351.21,4.060443010546419,1.3862943611198906,9.143367957989613,1,At-Risk
GT-14710,Greg Tran,37,11,11820.12,3.6375861597263857,2.4849066497880004,9.377643041124282,2,Hibernating
GT-14755,Guy Thornton,35,4,226.44,3.58351893845611,1.6094379124341003,5.426886467342745,3,Loyal
GW-14605,Giulietta Weimer,29,7,2189.02,3.4011973816621555,2.0794415416798357,7.691665955188937,0,Champions
GZ-14470,Gary Zandusky,8,9,4355.15,2.1972245773362196,2.302585092994046,8.379343918721679,0,Champions
GZ-14545,George Zrebassa,158,4,2454.62,5.0689042022202315,1.6094379124341003,7.806134554169139,1,At-Risk
HA-14905,Helen Abelman,70,7,2163.3,4.2626798770413155,2.0794415416798357,7.679852262520484,2,Hibernating
HA-14920,Helen Andreada,21,8,2584.16,3.091042453358316,2.1972245773362196,7.857542680578336,0,Champions
HD-14785,Harold Dahlen,770,3,251.36,6.647688373563329,1.3862943611198906,5.530856639502609,3,Loyal
HE-14800,Harold Engle,13,4,883.53,2.6390573296152584,1.6094379124341003,6.785056430492151,0,Champions
HF-14995,Herbert Flentye,22,7,2533.16,3.1354942159291497,2.0794415416798357,7.837617500166369,0,Champions
HG-14845,Harry Greene,55,5,785.63,4.02535169073515,1.791759469228055,6.667757998095767,1,At-Risk
HG-14965,Henry Goldwyn,24,12,3247.64,3.2188758248682006,2.5649493574615367,8.085991726205858,2,Hibernating
HG-15025,Hunter Glantz,7,7,3690.28,2.0794415416798357,2.0794415416798357,8.213728560353246,0,Champions
HH-15010,Hilary Holden,73,2,218.67,4.30406509320417,1.0986122886681098,5.392126420226094,3,Loyal
HJ-14875,Heather Jas,127,5,358.1,4.852030263919617,1.791759469228055,5.883600901232037,1,At-Risk
HK-14890,Heather Kirkland,152,8,4877.78,5.030437921392435,2.1972245773362196,8.492650467591984,2,Hibernating
HL-15040,Hunter Lopez,44,6,12873.3,3.8066624897703196,1.9459101490553132,9.462988355121855,2,Hibernating
HM-14860,Harry Marie,3,10,8236.76,1.3862943611198906,2.3978952727983707,9.016483741286866,0,Champions
HM-14980,Henry MacAllister,248,4,736.28,5.517452896464707,1.6094379124341003,6.602967738627417,1,At-Risk
HP-14815,Harold Pawlan,31,7,1990.31,3.4657359027997265,2.0794415416798357,7.596547992597046,0,Champions
HR-14770,Hallie Redmond,14,5,1299.29,2.70805020110221,1.791759469228055,7.1703425954947475,0,Champions
HR-14830,Harold Ryan,160,7,5248.79,5.081404364984463,2.0794415416798357,8.565943354785649,2,Hibernating
HW-14935,Helen Wasserman,118,8,9300.25,4.77912349311153,2.1972245773362196,9.137904078711472,2,Hibernating
HZ-14950,Henia Zydlo,36,5,886.52,3.6109179126442243,1.791759469228055,6.788431056306925,0,Champions
IG-15085,Ivan Gibson,72,4,744.57,4.290459441148391,1.6094379124341003,6.614149026510388,1,At-Risk
IL-15100,Ivan Liston,143,7,5040.74,4.969813299576001,2.0794415416798357,8.525506539579693,2,Hibernating
IM-15055,Ionia McGrath,410,3,2872.63,6.018593214496234,1.3862943611198906,7.963331317919756,1,At-Risk
IM-15070,Irene Maddox,391,7,4930.47,5.971261839790462,2.0794415416798357,8.503392397033762,2,Hibernating
JA-15970,Joseph Airdo,93,8,6491.03,4.543294782270004,2.1972245773362196,8.778330549695893,2,Hibernating
JB-15400,Jennifer Braxton,8,10,1791.6,2.1972245773362196,2.3978952727983707,7.491422358923261,0,Champions
JB-15925,Joni Blumstein,738,3,900.55,6.6052979209482015,1.3862943611198906,6.804115504222377,1,At-Risk
JB-16000,Joy Bell-,44,7,644.12,3.8066624897703196,2.0794415416798357,6.469436346002895,0,Champions
JB-16045,Julia Barnett,8,5,2518.11,2.1972245773362196,1.791759469228055,7.831660943521456,0,Champions
JC-15340,Jasper Cacioppo,115,4,71.26,4.7535901911063645,1.6094379124341003,4.280270725719494,3,Loyal
JC-15385,Jenna Caffey,176,1,1058.11,5.176149732573829,0.6931471805599453,6.965184211784087,3,Loyal
JC-15775,John Castell,159,9,2772.06,5.075173815233827,2.302585092994046,7.927706682597709,2,Hibernating
JC-16105,Julie Creighton,58,5,858.58,4.07753744390572,1.791759469228055,6.756443897862039,1,At-Risk
JD-15790,John Dryer,118,5,2152.35,4.77912349311153,1.791759469228055,7.6747800480166655,1,At-Risk
JD-15895,Jonathan Doherty,395,11,7610.86,5.981414211254481,2.4849066497880004,8.937462836234292,2,Hibernating
JD-16015,Joy Daniels,113,6,385.43,4.736198448394496,1.9459101490553132,5.956950739076106,1,At-Risk
JD-16060,Julia Dunbar,301,3,695.44,5.71042701737487,1.3862943611198906,6.545981644498398,3,Loyal
JD-16150,Justin Deggeller,42,8,8828.03,3.7612001156935624,2.1972245773362196,9.085800434789116,2,Hibernating
JE-15475,Jeremy Ellison,194,6,1388.68,5.272999558563747,1.9459101490553132,7.236828783793668,1,At-Risk
JE-15610,Jim Epp,49,7,7754.98,3.912023005428146,2.0794415416798357,8.95621943771043,2,Hibernating
JE-15715,Joe Elijah,47,10,8697.84,3.871201010907891,2.3978952727983707,9.070944962419663,2,Hibernating
JE-15745,Joel Eaton,52,13,6760.82,3.970291913552122,2.6390573296152584,8.81904736357014,2,Hibernating
JE-16165,Justin Ellison,21,3,2697.25,3.091042453358316,1.3862943611198906,7.9003586937054555,0,Champions
JF-15190,Jamie Frazer,66,7,2279.59,4.204692619390966,2.0794415416798357,7.73218946040263,2,Hibernating
JF-15295,Jason Fortune-,226,5,955.12,5.424950017481403,1.791759469228055,6.862883428186599,1,At-Risk
JF-15355,Jay Fein,106,6,1911.84,4.672828834461906,1.9459101490553132,7.556344327677873,1,At-Risk
JF-15415,Jennifer Ferguson,3,6,2371.45,1.3862943611198906,1.9459101490553132,7.77167845544641,0,Champions
JF-15490,Jeremy Farry,122,11,1082.92,4.812184355372417,2.4849066497880004,6.988339378538176,2,Hibernating
JF-15565,Jill Fjeld,55,8,4198.33,4.02535169073515,2.1972245773362196,8.34268026773666,2,Hibernating
JG-15115,Jack Garza,759,3,2358.68,6.633318433280377,1.3862943611198906,7.766281295605725,1,At-Risk
JG-15160,James Galang,2,11,6366.39,1.0986122886681098,2.4849066497880004,8.758944931478638,0,Champions
JG-15310,Jason Gross,3,6,2240.58,1.3862943611198906,1.9459101490553132,7.71493625334451,0,Champions
JG-15805,John Grady,224,6,1507.02,5.41610040220442,1.9459101490553132,7.318552811079424,1,At-Risk
JH-15430,Jennifer Halladay,6,4,309.28,1.9459101490553132,1.6094379124341003,5.73747511562267,0,Champions
JH-15820,John Huston,175,6,528.91,5.170483995038151,1.9459101490553132,6.272707180805838,1,At-Risk
JH-15910,Jonathan Howell,42,7,959.48,3.7612001156935624,2.0794415416798357,6.867433159503533,0,Champions
JH-15985,Joseph Holt,30,6,7955.0,3.4339872044851463,1.9459101490553132,8.981681639973862,2,Hibernating
JH-16180,Justin Hirsh,405,4,2256.39,6.0063531596017325,1.6094379124341003,7.721964557636636,1,At-Risk
JJ-15445,Jennifer Jackson,484,5,709.18,6.184148890937483,1.791759469228055,6.565518459031071,1,At-Risk
JJ-15760,Joel Jenkins,754,2,195.0,6.626717749249025,1.0986122886681098,5.278114659230517,3,Loyal
JK-15205,Jamie Kunitz,62,5,4427.14,4.143134726391533,1.791759469228055,8.395734910311559,2,Hibernating
JK-15325,Jason Klamczynski,288,3,383.81,5.666426688112432,1.3862943611198906,5.952749705979869,3,Loyal
JK-15370,Jay Kimmel,45,8,2709.63,3.828641396489095,2.1972245773362196,7.904936359180966,2,Hibernating
JK-15625,Jim Karlsson,62,7,3760.03,4.143134726391533,2.0794415416798357,8.23244813504049,2,Hibernating
JK-15640,Jim Kriz,181,9,4760.43,5.204006687076795,2.302585092994046,8.46830332227643,2,Hibernating
JK-15730,Joe Kamberova,85,10,4867.2,4.454347296253507,2.3978952727983707,8.490479537897814,2,Hibernating
JK-16090,Juliana Krohn,29,3,3747.67,3.4011973816621555,1.3862943611198906,8.229156389388693,0,Champions
JK-16120,Julie Kriz,118,10,2932.48,4.77912349311153,2.3978952727983707,7.98394471054823,2,Hibernating
JL-15130,Jack Lebron,9,6,1214.96,2.302585092994046,1.9459101490553132,7.103289167248226,0,Champions
JL-15175,James Lanier,7,5,1571.52,2.0794415416798357,1.791759469228055,7.360434707094669,0,Champions
JL-15235,Janet Lee,120,5,2203.7,4.795790545596741,1.791759469228055,7.698346724202935,1,At-Risk
JL-15505,Jeremy Lonsdale,50,6,3173.87,3.9318256327243257,1.9459101490553132,8.063021965606637,2,Hibernating
JL-15835,John Lee,22,11,9799.92,3.1354942159291497,2.4849066497880004,9.190231537803463,2,Hibernating
JL-15850,John Lucas,615,6,2725.26,6.423246963533519,1.9459101490553132,7.910685985551294,1,At-Risk
JM-15250,Janet Martin,38,6,3159.12,3.6635616461296463,1.9459101490553132,8.058365280543482,0,Champions
JM-15265,Janet Molinari,38,5,1804.15,3.6635616461296463,1.791759469228055,7.498398969807235,0,Champions
JM-15535,Jessica Myrick,103,7,1733.44,4.6443908991413725,2.0794415416798357,7.458439873710014,2,Hibernating
JM-15580,Jill Matthias,1,5,303.95,0.6931471805599453,1.791759469228055,5.720147828742466,0,Champions
JM-15655,Jim Mitchum,9,5,864.95,2.302585092994046,1.791759469228055,6.763827170175053,0,Champions
JM-15865,John Murray,110,7,7625.08,4.709530201312334,2.0794415416798357,8.93932923078997,2,Hibernating
JM-16195,Justin MacKendrick,58,10,2833.93,4.07753744390572,2.3978952727983707,7.949772524498991,2,Hibernating
JO-15145,Jack O'Briant,58,9,3254.95,4.07753744390572,2.302585092994046,8.088239370739165,2,Hibernating
JO-15280,Jas O'Carroll,93,6,1934.27,4.543294782270004,1.9459101490553132,7.568002130613516,1,At-Risk
JO-15550,Jesus Ocampo,216,5,1090.84,5.37989735354046,1.791759469228055,6.995619625423205,1,At-Risk
JP-15460,Jennifer Patt,38,7,1669.14,3.6635616461296463,2.0794415416798357,7.420662734232397,0,Champions
JP-15520,Jeremy Pistek,9,7,3635.59,2.302585092994046,2.0794415416798357,8.198801708360252,0,Champions
JP-16135,Julie Prescott,103,9,1707.71,4.6443908991413725,2.302585092994046,7.443493978839514,2,Hibernating
JR-15670,Jim Radford,594,2,1156.66,6.38856140554563,1.0986122886681098,7.054156005349334,3,Loyal
JR-15700,Jocasta Rupert,69,1,863.88,4.248495242049359,0.6931471805599453,6.7625907689845155,3,Loyal
JR-16210,Justin Ritter,34,5,2201.69,3.5553480614894135,1.791759469228055,7.697434619696936,0,Champions
JS-15595,Jill Stevenson,120,4,1417.65,4.795790545596741,1.6094379124341003,7.25746099416406,1,At-Risk
JS-15685,Jim Sink,43,4,1131.06,3.784189633918261,1.6094379124341003,7.03179426089206,1,At-Risk
JS-15880,John Stevenson,535,5,3868.02,6.284134161070802,1.791759469228055,8.260756523981543,1,At-Risk
JS-15940,Joni Sundaresam,464,5,469.17,6.142037405587356,1.791759469228055,6.153094331433318,1,At-Risk
JS-16030,Joy Smith,29,6,2516.49,3.4011973816621555,1.9459101490553132,7.831017652390191,0,Champions
JW-15220,Jane Waco,43,6,7721.71,3.784189633918261,1.9459101490553132,8.951920617689435,2,Hibernating
JW-15955,Joni Wasserman,6,7,1244.09,1.9459101490553132,2.0794415416798357,7.126963095442699,0,Champions
JW-16075,Julia West,462,4,1428.73,6.137727054086234,1.6094379124341003,7.265240894238065,1,At-Risk
KA-16525,Kelly Andreada,37,7,1519.51,3.6375861597263857,2.0794415416798357,7.326801083879745,0,Champions
KB-16240,Karen Bern,5,7,3152.62,1.791759469228055,2.0794415416798357,8.056306278336743,0,Champions
KB-16315,Karl Braun,297,9,1569.46,5.697093486505405,2.302585092994046,7.359123849058675,2,Hibernating
KB-16405,Katrina Bavinger,118,3,908.82,4.77912349311153,1.3862943611198906,6.813246777747659,1,At-Risk
KB-16585,Ken Black,231,12,2744.74,5.44673737166631,2.5649493574615367,7.917805898669654,2,Hibernating
KB-16600,Ken Brennan,2,7,983.92,1.0986122886681098,2.0794415416798357,6.892560419599595,0,Champions
KC-16255,Karen Carlisle,408,6,2120.95,6.013715156042802,1.9459101490553132,7.660090756219604,1,At-Risk
KC-16540,Kelly Collister,98,4,3908.26,4.59511985013459,1.6094379124341003,8.271103376755777,1,At-Risk
KC-16675,Kimberly Carter,58,4,1146.05,4.07753744390572,1.6094379124341003,7.044948708158344,1,At-Risk
KD-16270,Karen Daniels,485,5,8282.36,6.186208623900494,1.791759469228055,9.022003962167378,1,At-Risk
KD-16345,Katherine Ducich,42,6,1888.96,3.7612001156935624,1.9459101490553132,7.544310943808563,0,Champions
KD-16495,Keith Dawkins,113,12,8181.26,4.736198448394496,2.5649493574615367,9.009723675056085,2,Hibernating
KD-16615,Ken Dana,290,5,2243.51,5.673323267171493,1.791759469228055,7.716242513547326,1,At-Risk
KE-16420,Katrina Edelman,27,8,1686.73,3.332204510175204,2.1972245773362196,7.4311397097554845,0,Champions
KF-16285,Karen Ferguson,98,7,10604.27,4.59511985013459,2.0794415416798357,9.269106326363517,2,Hibernating
KH-16330,Katharine Harms,41,8,3312.86,3.7376696182833684,2.1972245773362196,8.10586895207304,2,Hibernating
KH-16360,Katherine Hughes,2,6,3100.61,1.0986122886681098,1.9459101490553132,8.0396766104939,0,Champions
KH-16510,Keith Herrera,23,7,5952.86,3.1780538303479458,2.0794415416798357,8.691795027694972,0,Champions
KH-16630,Ken Heidel,59,9,3918.97,4.0943445622221,2.302585092994046,8.273839279693998,2,Hibernating
KH-16690,Kristen Hastings,3,7,5990.8,1.3862943611198906,2.0794415416798357,8.698147146802887,0,Champions
KL-16555,Kelly Lampkin,17,8,5016.49,2.8903717578961645,2.1972245773362196,8.520685087644093,0,Champions
KL-16645,Ken Lonsdale,48,12,14175.23,3.8918202981106265,2.5649493574615367,9.559321897318211,2,Hibernating
KM-16225,Kalyca Meade,15,6,2260.96,2.772588722239781,1.9459101490553132,7.723986973053752,0,Champions
KM-16375,Katherine Murray,57,8,5620.19,4.060443010546419,2.1972245773362196,8.63429866424543,2,Hibernating
KM-16660,Khloe Miller,16,5,453.54,2.833213344056216,1.791759469228055,6.119285918545867,0,Champions
KM-16720,Kunst Miller,29,8,4909.47,3.4011973816621555,2.1972245773362196,8.499124939221668,2,Hibernating
KN-16390,Katherine Nockton,20,9,2617.27,3.044522437723423,2.302585092994046,7.870269073314045,0,Champions
KN-16450,Kean Nguyen,53,5,2171.96,3.9889840465642745,1.791759469228055,7.683845572355758,1,At-Risk
KN-16705,Kristina Nunn,99,8,2280.58,4.605170185988092,2.1972245773362196,7.732623464403156,2,Hibernating
KS-16300,Karen Seio,296,3,88.47,5.6937321388027,1.3862943611198906,4.493903373559505,3,Loyal
KT-16465,Kean Takahito,392,7,3057.1,5.973809611869261,2.0794415416798357,8.025549087066176,1,At-Risk
KT-16480,Kean Thornton,101,10,4642.09,4.624972813284271,2.3978952727983707,8.443135371851007,2,Hibernating
KW-16435,Katrina Willman,97,5,4416.52,4.584967478670572,1.791759469228055,8.393333731631254,1,At-Risk
KW-16570,Kelly Williams,772,4,449.1,6.650279048587422,1.6094379124341003,6.109469780298887,3,Loyal
LA-16780,Laura Armstrong,155,11,8673.22,5.049856007249537,2.4849066497880004,9.068110687227927,2,Hibernating
LB-16735,Larry Blacks,49,3,50.19,3.912023005428146,1.3862943611198906,3.935544200469492,3,Loyal
LB-16795,Laurel Beltran,153,8,4985.68,5.0369526024136295,2.1972245773362196,8.514525636653575,2,Hibernating
LC-16870,Lena Cacioppo,28,8,2580.7,3.367295829986474,2.1972245773362196,7.856203375655348,0,Champions
LC-16885,Lena Creighton,17,12,7663.13,2.8903717578961645,2.5649493574615367,8.944306281928547,2,Hibernating
LC-16930,Linda Cazamias,42,8,4492.95,3.7612001156935624,2.1972245773362196,8.410487326737675,2,Hibernating
LC-16960,Lindsay Castell,437,4,3246.63,6.082218910376446,1.6094379124341003,8.085680778536462,1,At-Risk
LC-17050,Liz Carlisle,55,5,2095.06,4.02535169073515,1.791759469228055,7.647814670985416,1,At-Risk
LC-17140,Logan Currie,14,9,2633.58,2.70805020110221,2.302585092994046,7.876479055481708,0,Champions
LD-16855,Lela Donovan,553,1,5.3,6.317164686747284,0.6931471805599453,1.840549633397487,3,Loyal
LD-17005,Lisa DeCherney,415,4,1961.93,6.030685260261263,1.6094379124341003,7.582193533936104,1,At-Risk
LE-16810,Laurel Elliston,22,6,1469.45,3.1354942159291497,1.9459101490553132,7.2933237553758445,0,Champions
LF-17185,Luke Foster,23,7,3930.51,3.1780538303479458,2.0794415416798357,8.276778854986775,0,Champions
LH-16750,Larry Hughes,152,3,287.43,5.030437921392435,1.3862943611198906,5.664452422192262,3,Loyal
LH-16900,Lena Hernandez,22,9,2295.33,3.1354942159291497,2.302585092994046,7.739067475334542,0,Champions
LH-17020,Lisa Hazard,240,4,318.24,5.484796933490655,1.6094379124341003,5.765943171007808,3,Loyal
LH-17155,Logan Haushalter,386,9,1739.69,5.958424693029782,2.302585092994046,7.462036865326858,2,Hibernating
LL-16840,Lauren Leatherbury,250,6,2741.2,5.5254529391317835,1.9459101490553132,7.916515796922554,1,At-Risk
LM-17065,Liz MacKendrick,392,5,1346.77,5.973809611869261,1.791759469228055,7.206206653769067,1,At-Risk
LO-17170,Lori Olson,3,5,644.35,1.3862943611198906,1.791759469228055,6.469792805281196,0,Champions
LP-17080,Liz Pelletier,41,4,756.61,3.7376696182833684,1.6094379124341003,6.630168741362368,1,At-Risk
LP-17095,Liz Preis,10,7,3653.4,2.3978952727983707,2.0794415416798357,8.203687200021637,0,Champions
LR-16915,Lena Radford,27,6,5142.89,3.332204510175204,1.9459101490553132,8.545564881551954,0,Champions
LR-17035,Lisa Ryan,133,5,1879.31,4.897839799950911,1.791759469228055,7.539191935847558,1,At-Risk
LS-16945,Linda Southworth,179,6,2845.27,5.19295685089021,1.9459101490553132,7.953764644142897,1,At-Risk
LS-16975,Lindsay Shagiari,21,9,2988.67,3.091042453358316,2.302585092994046,8.002918292400771,0,Champions
LS-17200,Luke Schmidt,97,6,1010.26,4.584967478670572,1.9459101490553132,6.918952357075353,1,At-Risk
LS-17230,Lycoris Saunders,778,3,368.88,6.658011045870748,1.3862943611198906,5.913178628709438,3,Loyal
LS-17245,Lynn Smith,35,6,1008.14,3.58351893845611,1.9459101490553132,6.916853761967396,0,Champions
LT-16765,Larry Tron,27,3,329.88,3.332204510175204,1.3862943611198906,5.80175577188001,3,Loyal
LT-17110,Liz Thompson,35,8,2936.25,3.58351893845611,2.1972245773362196,7.985229048447682,2,Hibernating
LW-16825,Laurel Workman,89,5,2238.06,4.499809670330265,1.791759469228055,7.713811413917238,1,At-Risk
LW-16990,Lindsay Williams,34,6,3230.31,3.5553480614894135,1.9459101490553132,8.080642906749722,0,Champions
LW-17125,Liz Willingham,206,3,1259.04,5.332718793265369,1.3862943611198906,7.138898745473375,1,At-Risk
LW-17215,Luke Weiss,22,7,5420.51,3.1354942159291497,2.0794415416798357,8.598129653418512,0,Champions
MA-17560,Matt Abelman,65,11,4299.16,4.189654742026425,2.4849066497880004,8.366407510291731,2,Hibernating
MA-17995,Michelle Arnett,187,6,2453.28,5.236441962829949,1.9459101490553132,7.8055887181915145,1,At-Risk
MB-17305,Maria Bertelson,49,10,1548.7,3.912023005428146,2.3978952727983707,7.345816642793289,2,Hibernating
MB-18085,Mick Brown,45,7,1428.23,3.828641396489095,2.0794415416798357,7.264891116693016,0,Champions
MC-17275,Marc Crier,77,8,2725.98,4.356708826689592,2.1972245773362196,7.910950048751954,2,Hibernating
MC-17425,Mark Cousins,400,5,4432.14,5.993961427306569,1.791759469228055,8.396863415568278,1,At-Risk
MC-17575,Matt Collins,28,8,1303.89,3.367295829986474,2.1972245773362196,7.173874025016352,0,Champions
MC-17590,Matt Collister,52,6,2426.07,3.970291913552122,1.9459101490553132,7.79444004750268,2,Hibernating
MC-17605,Matt Connell,113,8,2258.19,4.736198448394496,2.1972245773362196,7.722761620943517,2,Hibernating
MC-17635,Matthew Clasen,190,4,795.15,5.25227342804663,1.6094379124341003,6.679787610302435,1,At-Risk
MC-17845,Michael Chen,2,7,3805.71,1.0986122886681098,2.0794415416798357,8.244520578014752,0,Champions
MC-18100,Mick Crebagga,42,10,2218.98,3.7612001156935624,2.3978952727983707,7.705253465816734,2,Hibernating
MC-18130,Mike Caudle,370,5,1582.0,5.916202062607435,1.791759469228055,7.367077059881012,1,At-Risk
MD-17350,Maribeth Dona,118,7,3766.38,4.77912349311153,2.0794415416798357,8.234135078633066,2,Hibernating
MD-17860,Michael Dominguez,37,5,1204.91,3.6375861597263857,1.791759469228055,7.0949897476367365,0,Champions
ME-17320,Maria Etezadi,43,10,10663.73,3.784189633918261,2.3978952727983707,9.274697314129288,2,Hibernating
ME-17725,Max Engle,29,8,1908.45,3.4011973816621555,2.1972245773362196,7.554570521457594,0,Champions
ME-18010,Michelle Ellison,93,4,1256.94,4.543294782270004,1.6094379124341003,7.137230741369378,1,At-Risk
MF-17665,Maureen Fritzler,422,5,937.04,6.0473721790462776,1.791759469228055,6.84379259202024,1,At-Risk
MF-18250,Monica Federle,8,5,1758.3,2.1972245773362196,1.791759469228055,7.472671281645001,0,Champions
MG-17650,Matthew Grinstein,30,7,3785.28,3.4339872044851463,2.0794415416798357,8.239139285717123,0,Champions
MG-17680,Maureen Gastineau,93,4,2350.19,4.543294782270004,1.6094379124341003,7.762676861948334,1,At-Risk
MG-17695,Maureen Gnade,556,3,1342.28,6.322565239927284,1.3862943611198906,7.202869663251214,1,At-Risk
MG-17875,Michael Grace,117,5,1242.83,4.770684624465665,1.791759469228055,7.125950608012297,1,At-Risk
MG-17890,Michael Granlund,100,9,776.38,4.61512051684126,2.302585092994046,6.655929291305604,2,Hibernating
MG-18145,Mike Gockenbach,85,4,3061.54,4.454347296253507,1.6094379124341003,8.026999915992175,1,At-Risk
MG-18205,Mitch Gastineau,265,1,16.74,5.583496308781699,0.6931471805599453,2.8758219768814333,3,Loyal
MH-17290,Marc Harrigan,120,6,2394.02,4.795790545596741,1.9459101490553132,7.781146860540837,1,At-Risk
MH-17440,Mark Haberlin,377,4,400.02,5.934894195619588,1.6094379124341003,5.994011301374558,3,Loyal
MH-17455,Mark Hamilton,86,8,2456.18,4.465908118654584,2.1972245773362196,7.806769629911051,2,Hibernating
MH-17620,Matt Hagelstein,156,4,1252.8,5.056245805348308,1.6094379124341003,7.133934218839868,1,At-Risk
MH-17785,Maya Herman,99,7,2203.78,4.605170185988092,2.0794415416798357,7.698383009660635,2,Hibernating
MH-18025,Michelle Huthwaite,50,5,2984.95,3.9318256327243257,1.791759469228055,8.00167323314983,0,Champions
MH-18115,Mick Hernandez,6,9,5503.09,1.9459101490553132,2.302585092994046,8.613246731223677,0,Champions
MJ-17740,Max Jones,23,7,6320.75,3.1780538303479458,2.0794415416798357,8.751751347545701,0,Champions
MK-17905,Michael Kennedy,29,8,2302.37,3.4011973816621555,2.1972245773362196,7.742128546924932,0,Champions
MK-18160,Mike Kennedy,241,4,1031.6,5.488937726156687,1.6094379124341003,6.939835172445549,1,At-Risk
ML-17395,Marina Lichtenstein,70,9,2722.84,4.2626798770413155,2.302585092994046,7.909797928393061,2,Hibernating
ML-17410,Maris LaWare,55,6,2921.5,4.02535169073515,1.9459101490553132,7.980194693346223,2,Hibernating
ML-17755,Max Ludwig,30,7,2071.91,3.4339872044851463,2.0794415416798357,7.636708696153219,0,Champions
ML-18040,Michelle Lonsdale,80,3,742.08,4.394449154672439,1.3862943611198906,6.610803710523204,3,Loyal
ML-18265,Muhammed Lee,101,2,162.23,4.624972813284271,1.0986122886681098,5.095160249165944,3,Loyal
MM-17260,Magdelene Morse,169,4,1314.02,5.135798437050262,1.6094379124341003,7.181607153621683,1,At-Risk
MM-17920,Michael Moore,8,11,3794.08,2.1972245773362196,2.4849066497880004,8.241460769976449,0,Champions
MM-18055,Michelle Moray,62,8,2749.88,4.143134726391533,2.1972245773362196,7.919676139471537,2,Hibernating
MM-18280,Muhammed MacIntyre,86,9,775.41,4.465908118654584,2.302585092994046,6.654680731170694,2,Hibernating
MN-17935,Michael Nguyen,35,6,2477.95,3.58351893845611,1.9459101490553132,7.8155903624086305,0,Champions
MO-17500,Mary O'Rourke,73,4,922.49,4.30406509320417,1.6094379124341003,6.828159971210337,1,At-Risk
MO-17800,Meg O'Connel,105,8,1687.03,4.663439094112067,2.1972245773362196,7.431317447509821,2,Hibernating
MO-17950,Michael Oakman,181,2,154.29,5.204006687076795,1.0986122886681098,5.045294336581097,3,Loyal
MP-17470,Mark Packer,720,7,3206.13,6.580639137284949,2.0794415416798357,8.073131735198366,1,At-Risk
MP-17965,Michael Paige,73,9,3983.64,4.30406509320417,2.302585092994046,8.290202248373134,2,Hibernating
MP-18175,Mike Pelletier,17,9,5087.92,2.8903717578961645,2.302585092994046,8.534820906284487,0,Champions
MR-17545,Mathew Reese,126,4,639.18,4.844187086458591,1.6094379124341003,6.46174938681035,1,At-Risk
MS-17365,Maribeth Schnelling,274,10,7443.69,5.616771097666572,2.3978952727983707,8.915256305567516,2,Hibernating
MS-17530,MaryBeth Skach,435,4,475.66,6.077642243349034,1.6094379124341003,6.166803448474052,3,Loyal
MS-17710,Maurice Satty,414,6,1613.4,6.028278520230698,1.9459101490553132,7.386718649599344,1,At-Risk
MS-17770,Maxwell Schwartz,122,9,3144.68,4.812184355372417,2.302585092994046,8.0537853619794,2,Hibernating
MS-17830,Melanie Seite,453,4,370.35,6.118097198041348,1.6094379124341003,5.917145014115306,3,Loyal
MS-17980,Michael Stewart,27,6,855.12,3.332204510175204,1.9459101490553132,6.752410553232362,0,Champions
MT-17815,Meg Tillman,50,6,2890.14,3.9318256327243257,1.9459101490553132,7.969406166993959,2,Hibernating
MT-18070,Michelle Tran,204,4,1319.45,5.3230099791384085,1.6094379124341003,7.185727866575025,1,At-Risk
MV-17485,Mark Van Huff,28,9,1560.05,3.367295829986474,2.302585092994046,7.353113950751978,0,Champions
MV-18190,Mike Vittorini,20,7,1734.57,3.044522437723423,2.0794415416798357,7.459091168686077,0,Champions
MW-18220,Mitch Webber,18,7,5341.9,2.9444389791664403,2.0794415416798357,8.583523855705513,0,Champions
MW-18235,Mitch Willingham,45,2,5253.88,3.828641396489095,1.0986122886681098,8.566912447655458,1,At-Risk
MY-17380,Maribeth Yedwab,30,7,2254.28,3.4339872044851463,2.0794415416798357,7.7210294127429195,0,Champions
MY-18295,Muhammed Yedwab,72,11,4152.7,4.290459441148391,2.4849066497880004,8.331754782280676,2,Hibernating
MZ-17335,Maria Zettner,31,4,593.61,3.4657359027997265,1.6094379124341003,6.387905728451503,1,At-Risk
MZ-17515,Mary Zewe,283,6,2564.91,5.648974238161206,1.9459101490553132,7.850068470515266,1,At-Risk
NB-18580,Nicole Brennan,1166,2,273.87,7.062191632286556,1.0986122886681098,5.616298258623081,3,Loyal
NB-18655,Nona Balk,20,9,1972.6,3.044522437723423,2.302585092994046,7.587614565215147,0,Champions
NC-18340,Nat Carroll,225,5,2461.4,5.420534999272286,1.791759469228055,7.808891763084615,1,At-Risk
NC-18415,Nathan Cano,42,6,2218.99,3.7612001156935624,1.9459101490553132,7.705257970351675,0,Champions
NC-18535,Nick Crebassa,7,7,8241.74,2.0794415416798357,2.0794415416798357,9.01708809190142,0,Champions
NC-18625,Noah Childs,205,5,1821.74,5.327876168789581,1.791759469228055,7.508096142455607,1,At-Risk
ND-18370,Natalie DeCherney,28,9,4326.14,3.367295829986474,2.302585092994046,8.37266209468183,2,Hibernating
ND-18460,Neil Ducich,184,6,2893.46,5.220355825078324,1.9459101490553132,7.970553844111082,1,At-Risk
NF-18385,Natalie Fritzler,80,7,8322.83,4.394449154672439,2.0794415416798357,9.026877764431356,2,Hibernating
NF-18475,Neil Französisch,526,4,377.16,6.267200548541362,1.6094379124341003,5.935317386484981,3,Loyal
NF-18595,Nicole Fjeld,115,7,2031.47,4.7535901911063645,2.0794415416798357,7.617007081165432,2,Hibernating
NG-18355,Nat Gilpin,49,5,1869.58,3.912023005428146,1.791759469228055,7.534003822186638,1,At-Risk
NG-18430,Nathan Gelder,49,5,1395.94,3.912023005428146,1.791759469228055,7.242039409157812,1,At-Risk
NH-18610,Nicole Hansen,190,7,2673.29,5.25227342804663,2.0794415416798357,7.891439203539088,2,Hibernating
NK-18490,Neil Knudson,71,7,572.05,4.276666119016055,2.0794415416798357,6.350972972942708,1,At-Risk
NL-18310,Nancy Lomonaco,59,4,1418.09,4.0943445622221,1.6094379124341003,7.257771100095912,1,At-Risk
NM-18445,Nathan Mautz,161,7,6459.34,5.087596335232384,2.0794415416798357,8.773437226970602,2,Hibernating
NM-18520,Neoma Murray,245,10,2161.98,5.5053315359323625,2.3978952727983707,7.679242179493297,2,Hibernating
NP-18325,Naresj Patel,26,6,5529.62,3.295836866004329,1.9459101490553132,8.61805520396425,0,Champions
NP-18670,Nora Paige,59,5,3908.4,4.0943445622221,1.791759469228055,8.271139188518921,2,Hibernating
NP-18685,Nora Pelletier,407,6,1228.7,6.0112671744041615,1.9459101490553132,7.114525516178402,1,At-Risk
NP-18700,Nora Preis,139,7,7903.18,4.941642422609304,2.0794415416798357,8.97514701244775,2,Hibernating
NR-18550,Nick Radford,211,5,2367.28,5.356586274672012,1.791759469228055,7.769919232256958,1,At-Risk
NS-18505,Neola Schneider,7,4,2575.86,2.0794415416798357,1.6094379124341003,7.854326882440099,0,Champions
NS-18640,Noel Staavos,175,13,2964.82,5.170483995038151,2.6390573296152584,7.994908833061289,2,Hibernating
NW-18400,Natalie Webber,173,7,7234.01,5.159055299214529,2.0794415416798357,8.886687021234636,2,Hibernating
NZ-18565,Nick Zandusky,86,9,2488.31,4.465908118654584,2.302585092994046,7.819760842623382,2,Hibernating
ON-18715,Odella Nelson,411,9,1567.52,6.021023349349527,2.302585092994046,7.357887778585461,2,Hibernating
OT-18730,Olvera Toch,66,5,3818.62,4.204692619390966,1.791759469228055,8.247906220212721,1,At-Risk
PA-19060,Pete Armstrong,104,6,729.41,4.653960350157523,1.9459101490553132,6.593606020315185,1,At-Risk
PB-18805,Patrick Bzostek,26,3,740.36,3.295836866004329,1.3862943611198906,6.608486337278436,3,Loyal
PB-19105,Peter Bühler,58,4,688.32,4.07753744390572,1.6094379124341003,6.535705604413376,1,At-Risk
PB-19150,Philip Brown,98,8,1456.95,4.59511985013459,2.1972245773362196,7.284786618427754,2,Hibernating
PB-19210,Phillip Breyer,689,2,132.74,6.536691597591305,1.0986122886681098,4.895897616625833,3,Loyal
PC-18745,Pamela Coakley,3,4,1832.06,1.3862943611198906,1.6094379124341003,7.5137419805282075,0,Champions
PC-19000,Pauline Chand,883,2,1061.49,6.784457062637643,1.0986122886681098,6.968370488989575,3,Loyal
PF-19120,Peter Fuller,836,4,9062.86,6.729824070489475,1.6094379124341003,9.112050356869227,1,At-Risk
PF-19165,Philip Fox,197,6,2770.0,5.288267030694535,1.9459101490553132,7.9269635448629785,1,At-Risk
PF-19225,Phillip Flathmann,115,5,2206.13,4.7535901911063645,1.791759469228055,7.699448308010893,1,At-Risk
PG-18820,Patrick Gardner,37,13,3086.91,3.6375861597263857,2.6390573296152584,8.03524976564222,2,Hibernating
PG-18895,Paul Gonzalez,58,9,1987.16,4.07753744390572,2.302585092994046,7.594964866875329,2,Hibernating
PH-18790,Patricia Hirasaki,71,1,729.65,4.276666119016055,0.6931471805599453,6.593934548920661,3,Loyal
PJ-18835,Patrick Jones,40,8,1220.09,3.713572066704308,2.1972245773362196,7.1074991814679604,0,Champions
PJ-19015,Pauline Johnson,135,7,1824.23,4.912654885736052,2.0794415416798357,7.5094612854730665,1,At-Risk
PK-18910,Paul Knutson,484,2,1441.15,6.184148890937483,1.0986122886681098,7.273890334626362,3,Loyal
PK-19075,Pete Kriz,10,12,8646.93,2.3978952727983707,2.5649493574615367,9.065075264929208,2,Hibernating
PL-18925,Paul Lucas,16,5,239.48,2.833213344056216,1.791759469228055,5.482636926004664,0,Champions
PM-18940,Paul MacIntyre,387,3,1405.4,5.961005339623274,1.3862943611198906,7.2487885269309125,1,At-Risk
PM-19135,Peter McVee,52,4,4115.66,3.970291913552122,1.6094379124341003,8.322797433953504,1,At-Risk
PN-18775,Parhena Norris,31,8,1467.15,3.4657359027997265,2.1972245773362196,7.291758383790969,0,Champions
PO-18850,Patrick O'Brill,5,11,7473.83,1.791759469228055,2.4849066497880004,8.919296655525356,0,Champions
PO-18865,Patrick O'Donnell,1,7,2493.21,0.6931471805599453,2.0794415416798357,7.8217273247801895,0,Champions
PO-19180,Philisse Overcash,161,9,4893.04,5.087596335232384,2.302585092994046,8.495773417242612,2,Hibernating
PO-19195,Phillina Ober,87,5,1056.86,4.477336814478207,1.791759469228055,6.964003278520724,1,At-Risk
PP-18955,Paul Prost,98,10,7252.61,4.59511985013459,2.3978952727983707,8.889254554956683,2,Hibernating
PR-18880,Patrick Ryan,37,5,1840.18,3.6375861597263857,1.791759469228055,7.5181619494030985,0,Champions
PS-18760,Pamela Stobb,108,6,2181.48,4.6913478822291435,1.9459101490553132,7.6882171238687915,1,At-Risk
PS-18970,Paul Stevenson,70,8,1278.64,4.2626798770413155,2.1972245773362196,7.154334067355465,2,Hibernating
PS-19045,Penelope Sewall,237,7,6843.63,5.472270673671475,2.0794415416798357,8.831219682207522,2,Hibernating
PT-19090,Pete Takahito,72,4,160.57,4.290459441148391,1.6094379124341003,5.084938485288739,3,Loyal
PV-18985,Paul Van Hugh,90,5,2876.05,4.51085950651685,1.791759469228055,7.964520742614991,1,At-Risk
PW-19030,Pauline Webber,47,10,3454.92,3.871201010907891,2.3978952727983707,8.147843981507876,2,Hibernating
PW-19240,Pierre Wener,465,7,3922.42,6.144185634125646,2.0794415416798357,8.274719001401705,2,Hibernating
QJ-19255,Quincy Jones,26,9,6108.34,3.295836866004329,2.302585092994046,8.717574026691166,2,Hibernating
RA-19285,Ralph Arnett,6,9,2617.91,1.9459101490553132,2.302585092994046,7.870513479656078,0,Champions
RA-19885,Ruben Ausman,44,7,3832.31,3.8066624897703196,2.0794415416798357,8.251483938708184,2,Hibernating
RA-19915,Russell Applegate,13,9,4793.54,2.6390573296152584,2.302585092994046,8.475233049451832,0,Champions
RA-19945,Ryan Akin,62,5,1686.92,4.143134726391533,1.791759469228055,7.431252280667873,1,At-Risk
RB-19330,Randy Bradley,69,2,1008.2,4.248495242049359,1.0986122886681098,6.916913216766902,3,Loyal
RB-19360,Raymond Buch,97,6,15117.34,4.584967478670572,1.9459101490553132,9.623663855346553,2,Hibernating
RB-19435,Richard Bierner,20,8,2663.09,3.044522437723423,2.1972245773362196,7.887617814873405,0,Champions
RB-19465,Rick Bensley,10,12,4715.47,2.3978952727983707,2.5649493574615367,8.458815917420893,0,Champions
RB-19570,Rob Beeghly,26,5,528.55,3.295836866004329,1.791759469228055,6.272027589289678,0,Champions
RB-19645,Robert Barroso,649,5,221.08,6.476972362889683,1.791759469228055,5.40303767731844,3,Loyal
RB-19705,Roger Barcio,55,4,2067.45,4.02535169073515,1.6094379124341003,7.634554813503926,1,At-Risk
RB-19795,Ross Baird,33,8,5633.32,3.5263605246161616,2.1972245773362196,8.63663174483544,2,Hibernating
RC-19825,Roy Collins,370,6,966.41,5.916202062607435,1.9459101490553132,6.8746223973211915,1,At-Risk
RC-19960,Ryan Crowe,111,6,885.75,4.718498871295094,1.9459101490553132,6.7875630936537314,1,At-Risk
RD-19480,Rick Duston,73,8,4272.93,4.30406509320417,2.1972245773362196,8.36028905764483,2,Hibernating
RD-19585,Rob Dowd,181,10,2912.89,5.204006687076795,2.3978952727983707,7.977244237243744,2,Hibernating
RD-19660,Robert Dilbeck,115,5,2786.63,4.7535901911063645,1.791759469228055,7.9329470514522145,1,At-Risk
RD-19720,Roger Demir,22,10,1419.74,3.1354942159291497,2.3978952727983707,7.258933141616476,0,Champions
RD-19810,Ross DeVincentis,15,8,1137.62,2.772588722239781,2.1972245773362196,7.037572281793943,0,Champions
RD-19900,Ruben Dartt,115,9,3133.92,4.7535901911063645,2.302585092994046,8.050358934400116,2,Hibernating
RD-19930,Russell D'Ascenzo,43,4,970.94,3.784189633918261,1.6094379124341003,6.879294074160102,1,At-Risk
RE-19405,Ricardo Emerson,1098,1,48.36,7.002155954403621,0.6931471805599453,3.8991403795971324,3,Loyal
RE-19450,Richard Eichhorn,303,5,876.7,5.717027701406222,1.791759469228055,6.777304849598072,1,At-Risk
RF-19345,Randy Ferguson,391,8,3309.15,5.971261839790462,2.1972245773362196,8.104748784564858,2,Hibernating
RF-19735,Roland Fjeld,90,7,2341.3,4.51085950651685,2.0794415416798357,7.7588886315988645,2,Hibernating
RF-19840,Roy Französisch,7,8,945.22,2.0794415416798357,2.1972245773362196,6.852475100153961,0,Champions
RH-19495,Rick Hansen,33,5,3621.38,3.5263605246161616,1.791759469228055,8.194886547352153,0,Champions
RH-19510,Rick Huthwaite,468,6,6979.18,6.150602768446279,1.9459101490553132,8.85082998338953,2,Hibernating
RH-19555,Ritsa Hightower,520,2,740.38,6.255750041753367,1.0986122886681098,6.608513314361406,3,Loyal
RH-19600,Rob Haberlin,535,3,2085.74,6.284134161070802,1.3862943611198906,7.643358318578475,1,At-Risk
RK-19300,Ralph Kennedy,120,3,1460.19,4.795790545596741,1.3862943611198906,7.287006451207592,1,At-Risk
RL-19615,Rob Lucas,122,8,6234.91,4.812184355372417,2.1972245773362196,8.738079797745105,2,Hibernating
RM-19375,Raymond Messe,346,6,1453.47,5.849324779946859,1.9459101490553132,7.282396852077993,1,At-Risk
RM-19675,Robert Marley,7,5,5979.1,2.0794415416798357,1.791759469228055,8.696192569212887,0,Champions
RM-19750,Roland Murray,300,1,98.35,5.707110264748875,0.6931471805599453,4.598648968997826,3,Loyal
RO-19780,Rose O'Brian,36,7,3815.48,3.6109179126442243,2.0794415416798357,8.247083810821284,2,Hibernating
RP-19270,Rachel Payne,497,4,954.65,6.210600077024653,1.6094379124341003,6.862391737230607,1,At-Risk
RP-19390,Resi Pölking,34,12,5153.08,3.5553480614894135,2.5649493574615367,8.547543913016565,2,Hibernating
RP-19855,Roy Phan,29,8,2170.72,3.4011973816621555,2.1972245773362196,7.683274759299943,0,Champions
RR-19315,Ralph Ritter,20,2,615.93,3.044522437723423,1.0986122886681098,6.424755565281195,3,Loyal
RR-19525,Rick Reed,171,6,3302.26,5.147494476813453,1.9459101490553132,8.102665138611322,1,At-Risk
RS-19420,Ricardo Sperren,77,5,3221.29,4.356708826689592,1.791759469228055,8.07784756589393,1,At-Risk
RS-19765,Roland Schwarz,37,8,4159.77,3.6375861597263857,2.1972245773362196,8.333455432280976,2,Hibernating
RS-19870,Roy Skaria,20,2,22.33,3.044522437723423,1.0986122886681098,3.1497400860333387,3,Loyal
RW-19540,Rick Wilson,121,7,7397.4,4.804021044733257,2.0794415416798357,8.909019039597949,2,Hibernating
RW-19630,Rob Williams,90,9,3279.75,4.51085950651685,2.302585092994046,8.095827333776397,2,Hibernating
RW-19690,Robert Waldorf,80,5,3495.65,4.394449154672439,1.791759469228055,8.159560646266641,1,At-Risk
SA-20830,Sue Ann Reed,64,10,4767.34,4.174387269895637,2.3978952727983707,8.469753514927671,2,Hibernating
SB-20170,Sarah Bern,202,3,1348.02,5.313205979041787,1.3862943611198906,7.207133681894741,1,At-Risk
SB-20185,Sarah Brown,189,6,6411.0,5.247024072160486,1.9459101490553132,8.765926513729443,2,Hibernating
SB-20290,Sean Braxton,48,7,8057.89,3.8918202981106265,2.0794415416798357,8.994531108895213,2,Hibernating
SC-20020,Sam Craven,782,5,3362.96,6.663132695990803,1.791759469228055,8.120874130415723,1,At-Risk
SC-20050,Sample Company A,41,9,4624.57,3.7376696182833684,2.302585092994046,8.439354885595945,2,Hibernating
SC-20095,Sanjit Chand,350,9,14142.33,5.860786223465865,2.302585092994046,9.556998413845934,2,Hibernating
SC-20230,Scot Coram,150,4,4371.96,5.017279836814924,1.6094379124341003,8.38319540433244,1,At-Risk
SC-20260,Scott Cohen,188,8,3729.79,5.241747015059643,2.1972245773362196,8.224375286458852,2,Hibernating
SC-20305,Sean Christensen,30,7,3979.06,3.4339872044851463,2.0794415416798357,8.289052173541736,0,Champions
SC-20380,Shahid Collister,31,9,5992.54,3.4657359027997265,2.302585092994046,8.698437501521605,2,Hibernating
SC-20440,Shaun Chance,37,7,1875.0,3.6375861597263857,2.0794415416798357,7.53689712956617,0,Champions
SC-20575,Sonia Cooley,93,5,902.73,4.543294782270004,1.791759469228055,6.806530643214271,1,At-Risk
SC-20680,Steve Carroll,127,6,1254.64,4.852030263919617,1.9459101490553132,7.135400681739754,1,At-Risk
SC-20695,Steve Chapman,90,10,2576.41,4.51085950651685,2.3978952727983707,7.854540297725712,2,Hibernating
SC-20725,Steven Cartwright,188,11,5226.21,5.241747015059643,2.4849066497880004,8.56163295391507,2,Hibernating
SC-20770,Stewart Carmichael,42,7,4492.66,3.7612001156935624,2.0794415416798357,8.410422793452385,2,Hibernating
SC-20800,Stuart Calhoun,31,4,279.26,3.4657359027997265,1.6094379124341003,5.635717743742072,3,Loyal
SC-20845,Sung Chung,132,2,280.63,4.890349128221754,1.0986122886681098,5.6405941527004435,3,Loyal
SD-20485,Shirley Daniels,201,9,6121.11,5.308267697401205,2.302585092994046,8.719662087328254,2,Hibernating
SE-20110,Sanjit Engle,10,11,12209.44,2.3978952727983707,2.4849066497880004,9.410046602491503,2,Hibernating
SF-20065,Sandra Flanagan,60,7,763.55,4.110873864173311,2.0794415416798357,6.63928742545416,1,At-Risk
SF-20200,Sarah Foster,60,9,3422.79,4.110873864173311,2.302585092994046,8.138503403605062,2,Hibernating
SF-20965,Sylvia Foulston,49,9,3336.54,3.912023005428146,2.302585092994046,8.112989287655411,2,Hibernating
SG-20080,Sandra Glassco,9,3,3406.58,2.302585092994046,1.3862943611198906,8.133757640917983,0,Champions
SG-20470,Sheri Gordon,184,8,1884.8,5.220355825078324,2.1972245773362196,7.542107413031577,2,Hibernating
SG-20605,Speros Goranitis,109,6,3124.83,4.700480365792417,1.9459101490553132,8.047455126905065,2,Hibernating
SG-20890,Susan Gilcrest,227,3,47.95,5.429345628954441,1.3862943611198906,3.8907993689765195,3,Loyal
SH-19975,Sally Hughsby,30,13,3406.84,3.4339872044851463,2.6390573296152584,8.133833938490291,2,Hibernating
SH-20395,Shahid Hopkins,24,10,2180.72,3.2188758248682006,2.3978952727983707,7.687868835519182,0,Champions
SH-20635,Stefanie Holloman,766,2,2096.39,6.642486801367256,1.0986122886681098,7.648448993581177,1,At-Risk
SJ-20125,Sanjit Jacobs,96,12,3949.66,4.574710978503383,2.5649493574615367,8.281637932545015,2,Hibernating
SJ-20215,Sarah Jordon,30,6,1341.04,3.4339872044851463,1.9459101490553132,7.201946123346744,0,Champions
SJ-20500,Shirley Jackson,254,5,1318.78,5.541263545158426,1.791759469228055,7.185220335023318,1,At-Risk
SK-19990,Sally Knutson,9,3,883.41,2.302585092994046,1.3862943611198906,6.784920756020226,0,Champions
SL-20155,Sara Luxemburg,71,7,3053.01,4.276666119016055,2.0794415416798357,8.024210760167454,2,Hibernating
SM-20005,Sally Matthias,422,4,244.49,6.0473721790462776,1.6094379124341003,5.5032562132074,3,Loyal
SM-20320,Sean Miller,80,5,25043.05,4.394449154672439,1.791759469228055,10.128391553349392,2,Hibernating
SM-20905,Susan MacKendrick,607,1,1043.04,6.410174881966167,0.6931471805599453,6.95085308188486,3,Loyal
SM-20950,Suzanne McNair,26,12,5563.39,3.295836866004329,2.5649493574615367,8.624142644044847,2,Hibernating
SN-20560,Skye Norling,112,6,1860.42,4.727387818712341,1.9459101490553132,7.529094916294725,1,At-Risk
SN-20710,Steve Nguyen,80,7,3127.96,4.394449154672439,2.0794415416798357,8.048455959950227,2,Hibernating
SO-20335,Sean O'Donnell,30,6,2602.58,3.4339872044851463,1.9459101490553132,7.864642699997196,0,Champions
SP-20545,Sibella Parks,328,6,1306.09,5.796057750765372,1.9459101490553132,7.17555857123818,1,At-Risk
SP-20620,Stefania Perrino,48,9,5440.32,3.8918202981106265,2.302585092994046,8.601776957474776,2,Hibernating
SP-20650,Stephanie Phelps,387,9,1872.44,5.961005339623274,2.302585092994046,7.535531592100415,2,Hibernating
SP-20860,Sung Pak,80,10,4282.94,4.394449154672439,2.3978952727983707,8.36262842586732,2,Hibernating
SP-20920,Susan Pistek,71,6,3990.69,4.276666119016055,1.9459101490553132,8.291969979105403,2,Hibernating
SR-20425,Sharelle Roach,9,5,3233.48,2.302585092994046,1.791759469228055,8.081623452129014,0,Champions
SR-20740,Steven Roelle,197,8,4345.89,5.288267030694535,2.1972245773362196,8.377215925860707,2,Hibernating
SS-20140,Saphhira Shifley,16,8,1324.03,2.833213344056216,2.1972245773362196,7.189190379673441,0,Champions
SS-20410,Shahid Shariari,111,6,3056.81,4.718498871295094,1.9459101490553132,8.025454252446236,2,Hibernating
SS-20515,Shirley Schmidt,492,3,613.4,6.20050917404269,1.3862943611198906,6.420646181833463,3,Loyal
SS-20590,Sonia Sunley,433,6,418.49,6.073044534100405,1.9459101490553132,6.039039687720869,1,At-Risk
SS-20875,Sung Shariari,121,5,964.64,4.804021044733257,1.791759469228055,6.8727910939460415,1,At-Risk
ST-20530,Shui Tom,126,7,433.34,4.844187086458591,2.0794415416798357,6.073827637533105,1,At-Risk
SU-20665,Stephanie Ulpright,21,7,2595.36,3.091042453358316,2.0794415416798357,7.861865743093945,0,Champions
SV-20365,Seth Vernon,102,10,11470.95,4.634728988229636,2.3978952727983707,9.347660204391968,2,Hibernating
SV-20785,Stewart Visinsky,321,9,4105.3,5.7745515455444085,2.302585092994046,8.32027765871891,2,Hibernating
SV-20815,Stuart Van,77,4,1271.09,4.356708826689592,1.6094379124341003,7.148416496114051,1,At-Risk
SV-20935,Susan Vittorini,3,8,1903.49,1.3862943611198906,2.1972245773362196,7.5519695351828995,0,Champions
SW-20245,Scot Wooten,82,7,1085.08,4.418840607796598,2.0794415416798357,6.990330162605806,1,At-Risk
SW-20275,Scott Williamson,31,6,1966.65,3.4657359027997265,1.9459101490553132,7.584595216267352,0,Champions
SW-20350,Sean Wendt,163,3,1019.04,5.099866427824199,1.3862943611198906,6.927597121195676,1,At-Risk
SW-20455,Shaun Weien,163,7,2921.54,5.099866427824199,2.0794415416798357,7.9802083801644494,2,Hibernating
SW-20755,Steven Ward,535,2,758.7,6.284134161070802,1.0986122886681098,6.632923618509176,3,Loyal
SZ-20035,Sam Zeldin,36,11,3625.33,3.6109179126442243,2.4849066497880004,8.195976396550417,2,Hibernating
TA-21385,Tom Ashbrook,70,4,14595.62,4.2626798770413155,1.6094379124341003,9.588545274045266,2,Hibernating
TB-21055,Ted Butterfield,120,5,1467.88,4.795790545596741,1.791759469228055,7.292255484613932,1,At-Risk
TB-21175,Thomas Boland,59,4,3589.3,4.0943445622221,1.6094379124341003,8.185991043450537,1,At-Risk
TB-21190,Thomas Brumley,50,4,816.17,3.9318256327243257,1.6094379124341003,6.705847151550082,1,At-Risk
TB-21250,Tim Brockman,350,7,1602.38,5.860786223465865,2.0794415416798357,7.379869180037231,1,At-Risk
TB-21280,Toby Braunhardt,584,6,2198.45,6.371611847231857,1.9459101490553132,7.695962608091198,1,At-Risk
TB-21355,Todd Boyes,147,5,834.33,4.997212273764115,1.791759469228055,6.727826856356957,1,At-Risk
TB-21400,Tom Boeckenhauer,203,7,9133.99,5.318119993844216,2.0794415416798357,9.119867374120759,2,Hibernating
TB-21520,Tracy Blumstein,108,9,4737.49,4.6913478822291435,2.302585092994046,8.463473798535542,2,Hibernating
TB-21595,Troy Blackwell,286,5,1387.56,5.659482215759621,1.791759469228055,7.236022517912626,1,At-Risk
TB-21625,Trudy Brown,31,9,2797.67,3.4657359027997265,2.302585092994046,7.936899583315059,2,Hibernating
TC-20980,Tamara Chand,400,5,19052.22,5.993961427306569,1.791759469228055,9.854991395142468,2,Hibernating
TC-21145,Theresa Coyne,107,1,1038.26,4.68213122712422,0.6931471805599453,6.946264200410244,3,Loyal
TC-21295,Toby Carlisle,28,8,4266.81,3.367295829986474,2.1972245773362196,8.358856094092387,2,Hibernating
TC-21475,Tony Chapman,154,9,1244.98,5.043425116919247,2.302585092994046,7.127677647854208,2,Hibernating
TC-21535,Tracy Collins,5,7,742.56,1.791759469228055,2.0794415416798357,6.6114494620389435,0,Champions
TD-20995,Tamara Dahlen,38,9,1434.55,3.6635616461296463,2.302585092994046,7.2693033300238445,0,Champions
TG-21310,Toby Gnade,338,5,3058.37,5.82600010738045,1.791759469228055,8.025964291396804,1,At-Risk
TG-21640,Trudy Glocke,115,4,2074.66,4.7535901911063645,1.6094379124341003,7.638034454379689,1,At-Risk
TH-21100,Thea Hendricks,345,5,2422.82,5.846438775057725,1.791759469228055,7.793100087006243,1,At-Risk
TH-21115,Thea Hudgings,59,4,2942.77,4.0943445622221,1.6094379124341003,7.98744635179685,1,At-Risk
TH-21235,Tiffany House,118,8,1022.2,4.77912349311153,2.1972245773362196,6.930690250264633,1,At-Risk
TH-21550,Tracy Hopkins,73,7,4234.1,4.30406509320417,2.0794415416798357,8.351162219558264,2,Hibernating
TM-21010,Tamara Manning,104,8,2955.23,4.653960350157523,2.1972245773362196,7.991670086889663,2,Hibernating
TM-21490,Tony Molinari,131,3,1094.68,4.882801922586371,1.3862943611198906,6.999130454073268,1,At-Risk
TN-21040,Tanja Norvell,91,7,3130.22,4.5217885770490405,2.0794415416798357,8.049177983948955,2,Hibernating
TP-21130,Theone Pippenger,9,9,4454.06,2.302585092994046,2.302585092994046,8.401795807827686,0,Champions
TP-21415,Tom Prescott,105,5,5329.0,4.663439094112067,1.791759469228055,8.58110651715989,2,Hibernating
TP-21565,Tracy Poddar,351,4,1936.64,5.863631175598097,1.6094379124341003,7.56922601668153,1,At-Risk
TR-21325,Toby Ritter,194,5,675.94,5.272999558563747,1.791759469228055,6.5175826426922665,1,At-Risk
TS-21085,Thais Sissman,358,2,4.83,5.883322388488279,1.0986122886681098,1.763017000362401,3,Loyal
TS-21160,Theresa Swint,505,6,2163.62,6.226536669287466,1.9459101490553132,7.680000105400732,1,At-Risk
TS-21205,Thomas Seio,199,7,5371.09,5.298317366548036,2.0794415416798357,8.588972311039647,2,Hibernating
TS-21340,Toby Swindell,227,5,974.78,5.429345628954441,1.791759469228055,6.883237151168411,1,At-Risk
TS-21370,Todd Sumrall,37,6,11891.75,3.6375861597263857,1.9459101490553132,9.383684249737787,2,Hibernating
TS-21430,Tom Stivers,173,5,2054.14,5.159055299214529,1.791759469228055,7.62809925113051,1,At-Risk
TS-21505,Tony Sayre,12,6,2243.27,2.5649493574615367,1.9459101490553132,7.716135580260229,0,Champions
TS-21610,Troy Staebel,56,7,2820.42,4.04305126783455,2.0794415416798357,7.944995583294657,2,Hibernating
TS-21655,Trudy Schmidt,239,5,3368.09,5.480638923341991,1.791759469228055,8.122397957208241,1,At-Risk
TT-21070,Ted Trevino,32,7,4915.6,3.4965075614664802,2.0794415416798357,8.500372513685894,2,Hibernating
TT-21220,Thomas Thornton,184,8,1427.04,5.220355825078324,2.1972245773362196,7.264058153711705,1,At-Risk
TT-21265,Tim Taslimi,407,3,439.5,6.0112671744041615,1.3862943611198906,6.0879104453762345,3,Loyal
TT-21460,Tonja Turnell,13,7,5364.81,2.6390573296152584,2.0794415416798357,8.587802622233454,0,Champions
TW-21025,Tamara Willingham,65,7,5278.83,4.189654742026425,2.0794415416798357,8.571649179212276,2,Hibernating
TZ-21580,Tracy Zic,36,4,1707.29,3.6109179126442243,1.6094379124341003,7.443248149163122,1,At-Risk
VB-21745,Victoria Brennan,55,6,2005.6,4.02535169073515,1.9459101490553132,7.604197026491512,0,Champions
VD-21670,Valerie Dominguez,582,6,6442.25,6.368187186350492,1.9459101490553132,8.770788350186276,1,At-Risk
VF-21715,Vicky Freymann,14,5,847.94,2.70805020110221,1.791759469228055,6.743988512435916,0,Champions
VG-21790,Vivek Gonzalez,155,6,846.01,5.049856007249537,1.9459101490553132,6.741712500957802,1,At-Risk
VG-21805,Vivek Grady,287,5,427.37,5.662960480135946,1.791759469228055,6.059987308110314,1,At-Risk
VM-21685,Valerie Mitchum,55,7,2454.87,4.02535169073515,2.0794415416798357,7.806236356270015,2,Hibernating
VM-21835,Vivian Mathis,118,5,380.69,4.77912349311153,1.791759469228055,5.944608760822719,1,At-Risk
VP-21730,Victor Preis,31,3,993.9,3.4657359027997265,1.3862943611198906,6.902642229595314,1,At-Risk
VP-21760,Victoria Pisteka,76,7,3360.53,4.343805421853684,2.0794415416798357,8.120151506456505,2,Hibernating
VS-21820,Vivek Sundaresam,222,4,1055.98,5.407171771460119,1.6094379124341003,6.9631710642153495,1,At-Risk
VT-21700,Valerie Takahito,1001,2,1736.6,6.90975328164481,1.0986122886681098,7.460260129739616,1,At-Risk
VW-21775,Victoria Wilson,29,10,6134.04,3.4011973816621555,2.3978952727983707,8.721771877091157,2,Hibernating
WB-21850,William Brown,21,11,6160.1,3.091042453358316,2.4849066497880004,8.726010612014157,2,Hibernating
XP-21865,Xylona Preis,44,11,2374.66,3.8066624897703196,2.4849066497880004,7.7730305725999935,2,Hibernating
YC-21895,Yoseph Carroll,5,5,5454.35,1.791759469228055,1.791759469228055,8.604352057528812,0,Champions
YS-21880,Yana Sorensen,10,8,6720.44,2.3978952727983707,2.1972245773362196,8.813057696275576,0,Champions
ZC-21910,Zuschuss Carroll,55,13,8025.71,4.02535169073515,2.6390573296152584,8.990530009411172,2,Hibernating
ZD-21925,Zuschuss Donatelli,203,5,1493.94,5.318119993844216,1.791759469228055,7.309841351240141,1,At-Risk
